index,키워드,키워드_빈도,포함 인물 수,포함 인물
0,성내동,343,39,"이주득(李周得), 박의낙(朴義洛), 박의락(朴義洛), 박봉현(朴鳳賢), 김실광(金實光), 권상호(權相鎬), 박수환(朴秀煥), 송현일(宋鉉一), 김경발(金景發), 황무출(黃茂出)"
1,한국,298,97,"김용규(金容奎), 김형배(金瀅培), 임영신(任永信), 김석규(金錫圭), 함연춘(咸鍊春), 김부문(金富文), 김말불(金末不), 강대열(姜大烈), 신현욱(申鉉旭), 남병하(南柄夏)"
2,만세,267,209,"홍원영(洪元榮), 전재순(全在淳), 심문식(沈文植), 강내석(康乃錫), 김지혁(金志赫), 이봉순(李鳳舜), 장봉수(張奉守), 홍종준(洪鍾峻), 황봉주(黃鳳周), 류시복(柳始馥)"
3,부근,258,63,"금자지수(金子志洙), 김기준(金基濬), 박의낙(朴義洛), 박봉현(朴鳳賢), 김실광(金實光), 권상호(權相鎬), 송현일(宋鉉一), 윤상은(尹想殷), 강기팔(姜基팔), 황무출(黃茂出)"
4,발포,212,107,"이용재(李龍在), 정태화(鄭泰和), 김복성(金福成), 이시웅(李時雄), 김승제(金承濟), 황용주(黃龍珠), 한호석(韓戶石), 이규선(李奎璿), 이희경(李熙慶), 노원(盧원)"
5,동시,210,105,"이용재(李龍在), 정태화(鄭泰和), 김복성(金福成), 이시웅(李時雄), 김승제(金承濟), 황용주(黃龍珠), 한호석(韓戶石), 이규선(李奎璿), 이희경(李熙慶), 노원(盧원)"
6,절구,196,98,"이용재(李龍在), 정태화(鄭泰和), 김복성(金福成), 이시웅(李時雄), 김승제(金承濟), 황용주(黃龍珠), 한호석(韓戶石), 이규선(李奎璿), 이희경(李熙慶), 노원(盧원)"
7,고창,163,116,"전재순(全在淳), 장봉수(張奉守), 홍종준(洪鍾峻), 정봉수(鄭奉水), 황봉주(黃鳳周), 이무경(李武卿), 박창항(朴昌恒), 이용흡(李龍洽), 김석준(金石準), 김은호(金殷鎬)"
8,조선,156,115,"유봉수(柳奉洙), 이봉순(李鳳舜), 류시복(柳始馥), 박무병(朴武炳), 류민수(柳旼秀), 우연제(禹連濟), 강동효(姜東孝), 장용암(張龍岩), 주승렬(朱承烈), 이재향(李載鄕)"
9,장날,149,82,"김학봉(金學鳳), 김지혁(金志赫), 양경천(梁京千), 이기택(李起澤), 유동수(柳東洙), 정경인(定璟仁), 김천홍(金天鴻), 유기영(柳璣永), 김억근(金憶根), 이선동(李先童)"
10,소각,146,31,"장경봉(장庚鳳), 김종락(金鐘洛), 박후종(朴厚鐘), 한영명(韓永明), 홍정수(洪禎洙), 박여금(朴麗金), 정염수(鄭濂守), 김태건(金泰乾), 신동철(申東撤), 장봉석(張鳳石)"
11,강령,146,31,"장경봉(장庚鳳), 김종락(金鐘洛), 박후종(朴厚鐘), 한영명(韓永明), 홍정수(洪禎洙), 박여금(朴麗金), 정염수(鄭濂守), 김태건(金泰乾), 신동철(申東撤), 장봉석(張鳳石)"
12,공명,146,31,"장경봉(장庚鳳), 김종락(金鐘洛), 박후종(朴厚鐘), 한영명(韓永明), 홍정수(洪禎洙), 박여금(朴麗金), 정염수(鄭濂守), 김태건(金泰乾), 신동철(申東撤), 장봉석(張鳳石)"
13,태극기,145,128,"권대완(權大完), 강성원(姜聖源), 김학봉(金學鳳), 임영신(任永信), 양경천(梁京千), 김도상(金道尙), 김석규(金錫圭), 최한례(崔翰澧), 김석근(金石根), 김은호(金殷鎬)"
14,시위운동,141,111,"장봉수(張奉守), 이만권(李萬權), 정구갑(鄭龜甲), 박윤하(朴潤夏), 이재향(李載鄕), 원봉진(元鳳津), 이보향(李輔鄕), 이규환(李圭煥), 이대섭(李大燮), 양재순(梁在恂)"
15,기물,138,30,"이주득(李周得), 박범룡(朴範龍), 김학곤(金學坤), 김실광(金實光), 박봉현(朴鳳賢), 박수환(朴秀煥), 김경발(金景發), 김응조(金應祚), 정석출(鄭石出), 김대지(金大智)"
16,집합,128,36,"김연배(金年培), 권대완(權大完), 김용섭(金用燮), 김형배(金瀅培), 박철안(朴喆雁), 김시범(金時範), 유경발(柳景發), 유교희(柳敎熙), 김석이(金石伊), 이인봉(李仁鳳)"
17,출자,123,77,"임병묵(林炳默), 권도수(權度銖), 강대구(姜大球), 권경옥(權景玉), 이종구(李鍾九), 김상대(金相太), 김시태(金時兌), 신낙도(申樂道), 신응부(申應富), 김재원(金在源)"
18,도읍,123,77,"임병묵(林炳默), 권도수(權度銖), 강대구(姜大球), 권경옥(權景玉), 이종구(李鍾九), 김상대(金相太), 김시태(金時兌), 신낙도(申樂道), 신응부(申應富), 김재원(金在源)"
19,제위,123,77,"임병묵(林炳默), 권도수(權度銖), 강대구(姜大球), 권경옥(權景玉), 이종구(李鍾九), 김상대(金相太), 김시태(金時兌), 신낙도(申樂道), 신응부(申應富), 김재원(金在源)"
20,훼기,122,24,"박철안(朴喆雁), 유경발(柳景發), 유교희(柳敎熙), 김석이(金石伊), 유연기(柳淵琦), 유동수(柳東洙), 유종식(柳宗植), 유치득(柳致得), 유동환(柳東煥), 유동창(柳東暢)"
21,건물,122,24,"박철안(朴喆雁), 유경발(柳景發), 유교희(柳敎熙), 김석이(金石伊), 유연기(柳淵琦), 유동수(柳東洙), 유종식(柳宗植), 유치득(柳致得), 유동환(柳東煥), 유동창(柳東暢)"
22,동맹,121,45,"한방구(韓方九), 송원박(宋原博), 덕산숙범(悳山淑範), 김낙형(金洛衡), 백대윤(白大潤), 유태순(兪泰順), 장종환(張鍾煥), 이창서(李昌瑞), 허완진(許玩珍), 김석(金晳)"
23,훼손,121,18,"이주득(李周得), 김대지(金大智), 김몽룡(金夢龍), 박범룡(朴範龍), 장성렬(張星烈), 박봉현(朴鳳賢), 김실광(金實光), 박수환(朴秀煥), 전상호(田相浩), 김덕수(金德壽)"
24,군중,120,71,"김탁선(金鐸善), 조병중(曺秉重), 김도정(金度貞), 최정건(崔貞健), 김상직(金相稷), 신동목(辛東睦), 최석룡(崔碩龍), 김병한(金秉漢), 박희두(朴羲斗), 송인호(宋仁昊)"
25,주민,112,95,"조규학(曺圭鶴), 김일곤(金日坤), 전훤식(全萱植), 윤태병(尹泰炳), 최춘이(崔春伊), 황쾌동(黃快童), 정완용(鄭完用), 박경득(朴擎得), 유동환(柳東煥), 김운식(金云植)"
26,독립,111,73,"홍원영(洪元榮), 방대덕(方大德), 벽도여래(碧島礪來), 조병중(曺秉重), 한신교(韓信敎), 유봉수(柳奉洙), 이내성(李乃城), 김성민(金聖敏), 이병성(李秉性), 문형청(文亨淸)"
27,정치,110,83,"전석원(田錫元), 최자근동(崔者斤同), 서상오(徐相午), 홍순관(洪淳寬), 강흥근(姜興根), 윤태병(尹泰炳), 배동석(裵東石), 윤수영(尹守榮), 황일수(黃一秀), 김석준(金石準)"
28,독립선언서,101,62,"김창덕(金昌德), 김희조(金熙祚), 김형국(金衡國), 한길상(韓吉祥), 김용완(金溶玩), 이원경(李元敬), 임태정(林泰貞), 김성률(金聖律), 한유성(韓有聖), 임창수(林昌洙)"
29,배부,100,38,"김창덕(金昌德), 백상규(白相奎), 김수언(金守彦), 김창준(金昌俊), 임태정(林泰貞), 오은영(吳恩泳), 최응규(崔鷹奎), 김병건(金炳乾), 김병주(金炳柱), 김서룡(金瑞龍)"
30,행진,98,82,"김복성(金福成), 이시웅(李時雄), 김도상(金道尙), 노원(盧원), 이용흡(李龍洽), 박용태(朴容泰), 김양갑(金陽甲), 김병환(金餠煥), 김석이(金昔伊), 신현욱(申鉉旭)"
31,찬성,98,66,"이병익(李炳翼), 최자근동(崔者斤同), 김화용(金化鏞), 정흥룡(鄭興龍), 김상훈(金相訓), 문창호(文昌浩), 유관순(柳寬順), 이창룡(李昌龍), 양대삼(梁大三), 이백하(李栢夏)"
32,방해,96,63,"박호경(朴浩京), 이윤원(李允遠), 박병룡(朴炳龍), 박덕구(朴德求), 박순장(朴淳璋), 이승현(李承鉉), 김상현(金尙鉉), 김하영(金夏榮), 양태호(梁泰浩), 이배균(李培均)"
33,변혁,95,73,"김완석(金完錫), 장병규(張秉奎), 최숙석(崔淑石), 임낙호(任洛鎬), 전석원(田錫元), 엄본성(嚴本成), 금자근봉(金自斤奉), 서상오(徐相午), 김사철(金四哲), 장송손(張松孫)"
34,파고다,92,47,"정인철(鄭寅喆), 윤귀룡(尹貴龍), 박경조(朴炅朝), 신용준(愼鏞俊), 황용주(黃龍珠), 이규선(李奎璿), 강학룡(姜學龍), 이희경(李熙慶), 길원봉(吉元鳳), 이계창(李桂昌)"
35,공산주의,91,53,"오문규(吳文奎), 전형균(全衡均), 옥천홍섭(玉川弘燮), 부태환(夫泰煥), 이봉남(李鳳南), 서학준(徐學俊), 김유환(金유煥), 박봉순(朴奉順), 최운송(崔雲松), 최령(崔領)"
36,외치,91,69,"이석도(李碩道), 이복건(李福鍵), 박남준(朴南俊), 백기만(白基萬), 강성원(姜聖源), 한신교(韓信敎), 박의락(朴義洛), 정학순(鄭學順), 이태수(李泰秀), 여운긍(呂運兢)"
37,공원,91,47,"정인철(鄭寅喆), 윤귀룡(尹貴龍), 박경조(朴炅朝), 신용준(愼鏞俊), 황용주(黃龍珠), 이규선(李奎璿), 강학룡(姜學龍), 이희경(李熙慶), 미파평숙(美波平淑), 길원봉(吉元鳳)"
38,읍내,91,72,"이형순(李亨淳), 김상옥(金尙玉), 김현수(金現洙), 장일현(張日炫), 이정화(李禎華), 정귀인(鄭貴仁), 김학곤(金學坤), 김용수(金龍守), 이태수(李泰秀), 한계성(韓繼聖)"
39,독립운동,90,46,"양주홍(梁柱烘), 김병륜(金秉輪), 강영필(姜永弼), 강대려(姜大呂), 김경렬(金璟烈), 한창근(韓昌根), 이규헌(李奎憲), 장지림(張志林), 정희동(鄭喜童), 김양순(金良順)"
40,재소,89,33,"권상룡(權相龍), 이용규(李龍圭), 권영봉(權寧鳳), 김경발(金景發), 권오집(權五集), 정석출(鄭石出), 권영희(權寧熺), 안교은(安敎殷), 권오영(權五英), 전상호(田相浩)"
41,입당,89,16,"김금남(金今南), 원용학(元容學), 권태산(權泰山), 노창호(盧昌浩), 박익섭(朴翼燮), 박동필(朴東弼), 유태순(兪泰順), 이창서(李昌瑞), 지연호(池蓮浩), 김응수(金應洙)"
42,중국공산당,89,16,"김금남(金今南), 원용학(元容學), 권태산(權泰山), 노창호(盧昌浩), 박익섭(朴翼燮), 박동필(朴東弼), 유태순(兪泰順), 이창서(李昌瑞), 지연호(池蓮浩), 김응수(金應洙)"
43,시장,82,68,"차봉안(車鳳顔), 김기수(金基洙), 류용준(柳龍俊), 김용주(金龍珠), 김지혁(金志赫), 이규헌(李奎憲), 이봉확(李鳳崔), 정도원(鄭道源), 황치헌(黃致憲), 박희두(朴羲斗)"
44,광분,82,43,"정인철(鄭寅喆), 윤귀룡(尹貴龍), 박경조(朴炅朝), 신용준(愼鏞俊), 황용주(黃龍珠), 이규선(李奎璿), 강학룡(姜學龍), 이희경(李熙慶), 길원봉(吉元鳳), 유만종(劉萬鍾)"
45,파리,81,42,"백상규(白相奎), 김창준(金昌俊), 이도건(李道健), 엄윤영(嚴允榮), 이병직(李秉直), 이병권(李炳權), 고석준(高錫俊), 조중선(趙仲善), 강익홍(康益弘), 양제선(梁濟善)"
46,치안,81,70,"김순구(金舜九), 박호경(朴浩京), 오성칠(吳聖七), 이윤원(李允遠), 박병룡(朴炳龍), 박덕구(朴德求), 이승현(李承鉉), 김상현(金尙鉉), 이배균(李培均), 김윤구(金崙求)"
47,희망,80,47,"박호경(朴浩京), 김인관(金仁寬), 이용훤(李容暄), 유봉수(柳奉洙), 김정하(金貞夏), 이승현(李承鉉), 이윤영(李允榮), 이약수(李若壽), 나찬진(羅燦鎭), 김연희(金演熙)"
48,목적,79,65,"김완석(金完錫), 장병규(張秉奎), 임낙호(任洛鎬), 전석원(田錫元), 홍순관(洪淳寬), 김사철(金四哲), 최석(崔錫), 최순근(崔順根), 강흥근(姜興根), 배동석(裵東石)"
49,손병희,76,60,"김완석(金完錫), 장병규(張秉奎), 조경화(趙敬化), 전석원(田錫元), 천학서(千學書), 김계식(金界植), 유장호(柳章浩), 유점동(柳点同), 김화용(金化鏞), 최순근(崔順根)"
50,면사무소,76,28,"김연택(金然澤), 김일곤(金日坤), 이인환(李仁煥), 이성구(李聲九), 김관룡(金寬龍), 민윤식(閔胤植), 김여근(金汝根), 박경득(朴擎得), 이재성(李在成), 김현묵(金賢默)"
51,가입,76,42,"산성능진(山城能珍), 전형균(全衡均), 이봉남(李鳳南), 김기연(金璣淵), 서원승인(西原昇寅), 서학준(徐學俊), 이태근(李泰覲), 정석룡(鄭錫龍), 박봉순(朴奉順), 최운송(崔雲松)"
52,편항,76,16,"박진선(朴晋先), 박용식(朴龍植), 유춘흠(柳春欽), 김영창(金永唱), 박철옹(朴喆雍), 유의호(柳宜鎬), 유동수(柳東洙), 김응성(金應星), 유치득(柳致得), 유동창(柳東暢)"
53,순사,76,18,"장선봉(張仙鳳), 박진선(朴晋先), 장규황(張奎○), 이찬수(李贊守), 박용식(朴龍植), 유춘흠(柳春欽), 김영창(金永唱), 박철옹(朴喆雍), 유동수(柳東洙), 김응성(金應星)"
54,부인,75,66,"김기두(金琪斗), 최육득(崔六得), 이대수(李大壽), 서삼식(徐三植), 이남의(李南儀), 길재철(吉在哲), 강학병(姜鶴秉), 김완근(金完根), 황장근(黃長根), 상원맥(桑原驀)"
55,불온,74,52,"조경화(趙敬化), 김원진(金元鎭), 이인영(李寅永), 김기수(金基洙), 전도영(全道榮), 김계식(金界植), 유장호(柳章浩), 이봉순(李鳳舜), 유복렬(柳復烈), 주명득(朱明得)"
56,명과,72,61,"이봉삼(李逢三), 유천식(兪天植), 권대완(權大完), 정봉수(鄭奉水), 김익하(金益夏), 마갑문(馬甲文), 김영종(金永鍾), 원형국(元亨國), 김원초(金元初), 김윤구(金崙求)"
57,취지,72,46,"노순석(魯順錫), 주동률(朱東律), 이형률(李亨律), 조영섭(曹永涉), 김화용(金化鏞), 김창현(金昌玄), 정흥룡(鄭興龍), 한병표(韓炳豹), 이규몽(李圭蒙), 김상훈(金相訓)"
58,이희,72,8,"소흥복(蘇興福), 김중식(金重植), 최찬섭(崔瓚燮), 최재식(崔在植), 이병구(李丙求), 오복영(吳福永), 최병택(崔秉宅), 오윤선(吳允善)"
59,이유석,72,8,"소흥복(蘇興福), 김중식(金重植), 최찬섭(崔瓚燮), 최재식(崔在植), 이병구(李丙求), 오복영(吳福永), 최병택(崔秉宅), 오윤선(吳允善)"
60,원곡면,72,8,"소흥복(蘇興福), 김중식(金重植), 최찬섭(崔瓚燮), 최재식(崔在植), 이병구(李丙求), 오복영(吳福永), 최병택(崔秉宅), 오윤선(吳允善)"
61,민족,71,40,"암본복길(岩本福吉), 유재기(劉載奇), 무촌청진(茂村靑辰), 안시웅(安時雄), 암천수광(岩川秀光), 선성해직(宣城海稙), 송원춘기(松原春基), 유택건차랑(柳澤健次郞), 이가진호(李家振○), 궁본한룡(宮本漢龍)"
62,사유재산제,70,61,"김기두(金琪斗), 최육득(崔六得), 이대수(李大壽), 서삼식(徐三植), 이남의(李南儀), 길재철(吉在哲), 강학병(姜鶴秉), 김완근(金完根), 황장근(黃長根), 상원맥(桑原驀)"
63,배포,70,46,"서인필(徐仁弼), 주명득(朱明得), 김용완(金溶玩), 전경석(全景錫), 전동환(全東煥), 한길상(韓吉祥), 신공량(申公良), 이규몽(李圭蒙), 최석룡(崔碩龍), 김상준(金賞俊)"
64,공산혁명,69,58,"김기두(金琪斗), 최육득(崔六得), 이대수(李大壽), 서삼식(徐三植), 이남의(李南儀), 길재철(吉在哲), 김완근(金完根), 황장근(黃長根), 상원맥(桑原驀), 김귀중(金貴仲)"
65,여명,69,47,"이형순(李亨淳), 박성행(朴聲行), 윤정삼(尹鼎三), 박덕구(朴德求), 김병수(金丙洙), 김순연(金順淵), 서상철(徐相喆), 유제섭(劉悌燮), 윤교영(尹敎永), 김여근(金汝根)"
66,협박,68,31,"김유근(金有根), 손화삼(孫華三), 김성련(金成鍊), 노화범(盧和範), 김연택(金然澤), 김학곤(金學坤), 김익련(金益鍊), 허을(許○), 이계웅(李啓雄), 김관룡(金寬龍)"
67,정거장,67,67,"신상호(申尙昊), 김순도(金順道), 김선행(金善行), 이봉조(李鳳朝), 강봉우(姜鳳雨), 김응봉(金應鳳), 나승규(羅昇奎), 오대영(吳大泳), 이창석(李昌錫), 임병행(林秉行)"
68,미수,67,67,"신상호(申尙昊), 김순도(金順道), 김선행(金善行), 이봉조(李鳳朝), 강봉우(姜鳳雨), 김응봉(金應鳳), 나승규(羅昇奎), 오대영(吳大泳), 이창석(李昌錫), 임병행(林秉行)"
69,라우,67,67,"신상호(申尙昊), 김순도(金順道), 김선행(金善行), 이봉조(李鳳朝), 강봉우(姜鳳雨), 김응봉(金應鳳), 나승규(羅昇奎), 오대영(吳大泳), 이창석(李昌錫), 임병행(林秉行)"
70,부내,67,42,"윤귀룡(尹貴龍), 이인영(李寅永), 전동환(全東煥), 이시웅(李時雄), 김창현(金昌玄), 강일영(姜日永), 이세춘(李世春), 윤원삼(尹愿三), 최동(崔棟), 이용흡(李龍洽)"
71,조선민족,67,36,"류낙수(柳洛秀), 김희주(金禧柱), 손치우(孫致祐), 신홍윤(申弘允), 강전병진(姜田炳辰), 김성신(金成信), 하정호(河呈昊), 장동환(張東煥), 피순표(皮淳杓), 나인협(羅寅協)"
72,민중,67,15,"원세후(元世후), 백상규(白相奎), 정노식(鄭魯湜), 최린(崔麟), 한병익(韓秉益), 김창준(金昌俊), 김영운(金泳運), 정춘수(鄭春洙), 정용규(鄭龍奎), 김지순(金智淳)"
73,운동,66,57,"장영옥(張永玉), 최난씨(崔蘭氏), 이병익(李炳翼), 최자근동(崔者斤同), 이기두(李基斗), 박형인(朴亨寅), 지사원(池思源), 이세춘(李世春), 김병한(金秉漢), 이창룡(李昌龍)"
74,구한국,65,46,"정흥룡(鄭興龍), 현기율(玄機律), 심점봉(沈点奉), 양석룡(梁錫龍), 이백하(李栢夏), 김병규(金秉奎), 이용돈(李容敦), 권영진(權寧震), 장약운(張若雲), 장귀남(張貴男)"
75,등사,65,34,"이명종(李明鍾), 김승일(金承一), 강연(姜沇), 여운긍(呂運兢), 류준석(柳俊錫), 오은영(吳恩泳), 김명준(金明濬), 곽순영(郭淳英), 신상흡(申相翕), 조성룡(曺成龍)"
76,강화,65,25,"정낙현(鄭洛賢), 엄윤영(嚴允榮), 이병직(李秉直), 이병권(李炳權), 고석준(高錫俊), 조중선(趙仲善), 양제선(梁濟善), 김인옥(金仁玉), 이원상(李元祥), 송시준(宋時俊)"
77,조선인,64,52,"김태순(金泰淳), 양주홍(梁柱烘), 박남준(朴南俊), 송원박(宋原博), 강내석(康乃錫), 덕산숙범(悳山淑範), 전훤식(全萱植), 어수갑(魚秀甲), 주본정부(朱本正夫), 김원오(金元伍)"
78,제작,64,58,"최재훈(崔在勳), 박형인(朴亨寅), 이승덕(李承德), 정학순(鄭學順), 최병한(崔丙漢), 석병길(石丙吉), 송수연(宋洙淵), 조술현(曺述鉉), 서진령(徐鎭령), 이인규(李麟珪)"
79,국기,63,48,"원세후(元世후), 최재훈(崔在勳), 심문식(沈文植), 최상린(崔祥麟), 조규학(曺圭鶴), 현기율(玄機律), 최정건(崔貞健), 김영종(金永鍾), 김경두(金璟斗), 원형국(元亨國)"
80,남대문,62,49,"박주풍(朴疇豊), 윤기성(尹基誠), 정태화(鄭泰和), 김복성(金福成), 전동환(全東煥), 안명흠(安明欽), 강일영(姜日永), 김승제(金承濟), 황창희(黃昌禧), 한호석(韓戶石)"
81,대의,61,61,"신상호(申尙昊), 김선행(金善行), 변인서(邊麟瑞), 이봉조(李鳳朝), 김응봉(金應鳳), 나승규(羅昇奎), 오대영(吳大泳), 이창석(李昌錫), 임병행(林秉行), 천연도(千年桃)"
82,비밀리,61,9,"최린(崔麟), 정노식(鄭魯湜), 백상규(白相奎), 한병익(韓秉益), 김창준(金昌俊), 정춘수(鄭春洙), 문은종(文殷鍾), 최남선(崔南善), 김원벽(金元璧)"
83,한자,60,57,"김완석(金完錫), 장병규(張秉奎), 전석원(田錫元), 천학서(千學書), 유점동(柳点同), 유복렬(柳復烈), 여운긍(呂運兢), 최순근(崔順根), 강흥근(姜興根), 추은정(秋殷町)"
84,모집,60,28,"안교열(安敎烈), 국진순(鞠眞淳), 이태근(李泰覲), 김영두(金英斗), 장홍해(張鴻海), 유원권(柳遠權), 조만식(趙晩植), 김익곤(金益坤), 김공칠(金珙七), 송기주(宋己柱)"
85,영향,59,20,"엄윤영(嚴允榮), 이병직(李秉直), 윤명복(尹命福), 이병권(李炳權), 조중선(趙仲善), 류상순(柳相淳), 신국홍(申國洪), 김인옥(金仁玉), 채덕산(蔡德山), 서홍구(徐洪勾)"
86,불꽃,59,59,"신상호(申尙昊), 김선행(金善行), 변인서(邊麟瑞), 이봉조(李鳳朝), 김응봉(金應鳳), 나승규(羅昇奎), 오대영(吳大泳), 이창석(李昌錫), 임병행(林秉行), 최성민(崔聖民)"
87,배일,59,59,"신상호(申尙昊), 김선행(金善行), 변인서(邊麟瑞), 이봉조(李鳳朝), 김응봉(金應鳳), 나승규(羅昇奎), 오대영(吳大泳), 이창석(李昌錫), 임병행(林秉行), 최성민(崔聖民)"
88,자금,59,44,"안교열(安敎烈), 양재학(梁載學), 최경준(崔京俊), 이승호(李丞浩), 이승주(李承胄), 김충규(金忠圭), 백인옥(白仁玉), 이병철(李秉澈), 김공칠(金珙七), 한봉주(韓鳳周)"
89,민족자결,58,44,"안두종(安斗鍾), 고신봉(高信鳳), 장지림(張志林), 차인규(車寅奎), 문상직(文相直), 이정연(李鼎淵), 윤명복(尹命福), 양석룡(梁錫龍), 김약준(金若濬), 안영근(安永根)"
90,경찰서,56,33,"김원진(金元鎭), 임영신(任永信), 이원경(李元敬), 김성률(金聖律), 김영희(金永禧), 한유성(韓有聖), 이근식(李根植), 김기덕(金基德), 최기물(崔氣物), 고제몽(高濟夢)"
91,군자금,56,26,"전상준(全相俊), 진진권(陳振權), 이태근(李泰覲), 이돈호(李暾浩), 김병주(金炳柱), 이영주(李永周), 김영기(金榮基), 김한종(金漢鍾), 김도원(金道源), 임세규(林世圭)"
92,다수,56,48,"김제룡(金濟龍), 김태순(金泰淳), 김순천(金順天), 김연배(金年培), 이정순(李貞淳), 김형배(金瀅培), 조업증(趙業曾), 장송손(張松孫), 전훤식(全萱植), 김사복(金士福)"
93,구타,53,19,"김유근(金有根), 박범룡(朴範龍), 이용각(李龍珏), 김찬용(金贊用), 이여종(李呂鍾), 안교은(安敎殷), 김양칠(金良七), 유의호(柳宜鎬), 김순창(金順昌), 김장안(金長安)"
94,전개,52,30,"이가규헌(李家圭憲), 신상우(申相雨), 박근성(朴根盛), 정흥룡(鄭興龍), 오태진(吳泰鎭), 전정준(全珽準), 류병곤(柳炳坤), 권영진(權寧震), 장귀남(張貴男), 이만석(李萬錫)"
95,소리,52,31,"전재순(全在淳), 김계한(金啓漢), 유기호(劉基鎬), 홍종준(洪鍾峻), 황봉주(黃鳳周), 김일곤(金日坤), 김상훈(金相訓), 이봉서(李鳳瑞), 조경윤(趙景尹), 유관순(柳寬順)"
96,동지,51,29,"김성구(金聲球), 홍기진(洪基鎭), 박성호(朴聖浩), 김석만(金錫萬), 안교열(安敎烈), 이인규(李麟珪), 강흥락(姜興洛), 최명학(崔明鶴), 곽선죽(郭善竹), 한림(韓林)"
97,경성부,50,41,"김완석(金完錫), 장병규(張秉奎), 전석원(田錫元), 천학서(千學書), 유점동(柳点同), 정구철(鄭求喆), 최순근(崔順根), 강흥근(姜興根), 배동석(裵東石), 임동건(林東乾)"
98,절규,49,48,"박주풍(朴疇豊), 김복성(金福成), 안명흠(安明欽), 심점봉(沈点奉), 이영직(李泳稙), 이학복(李鶴馥), 노용빈(盧龍斌), 황창희(黃昌禧), 곽대용(郭大容), 노원(盧원)"
99,창수,49,7,"권상룡(權相龍), 윤학근(尹學根), 김경발(金景發), 이진택(李鎭澤), 김덕규(金德圭), 김연순(金演淳), 정석출(鄭石出)"
100,공문서,49,7,"권상룡(權相龍), 윤학근(尹學根), 김경발(金景發), 이진택(李鎭澤), 김덕규(金德圭), 김연순(金演淳), 정석출(鄭石出)"
101,각지,49,46,"이병익(李炳翼), 최자근동(崔者斤同), 이규헌(李奎憲), 정낙현(鄭洛賢), 박시훈(朴時薰), 안병철(安秉喆), 박관식(朴寬植), 이진후(李震厚), 이창룡(李昌龍), 양대삼(梁大三)"
102,천도교,49,37,"조영섭(曹永涉), 김원걸(金元杰), 김응도(金應道), 김천일(金千鎰), 조인환(曹寅煥), 김창현(金昌玄), 양재학(梁載學), 최경준(崔京俊), 김병주(金炳柱), 이승주(李承胄)"
103,마을,48,46,"배중엽(裴重曄), 유천식(兪天植), 김도식(金道式), 이화실(李華實), 한연순(韓連順), 이만권(李萬權), 박원학(朴元學), 이복구(李福求), 최춘이(崔春伊), 한삼석(韓三石)"
104,광주,47,28,"유찬옥(柳贊玉), 한길상(韓吉祥), 황상호(黃尙鎬), 김성민(金聖敏), 정몽석(丁奉錫), 장남규(張南奎), 서정희(徐廷禧), 홍순남(洪順男), 박영자(朴永子), 유계문(劉桂文)"
105,시위,47,32,"차봉안(車鳳顔), 이정순(李貞淳), 장영옥(張永玉), 김용섭(金用燮), 정학순(鄭學順), 홍순관(洪淳寬), 김영종(金永鍾), 김만수(金萬秀), 임봉서(林鳳棲), 김이선(金利善)"
106,피고,46,28,"오성칠(吳聖七), 신홍윤(申弘允), 이응화(李應華), 김원초(金元初), 이관석(李官錫), 박희두(朴羲斗), 이정(李정), 최병교(崔秉敎), 하정호(河呈昊), 양의근(楊義根)"
107,헌병,45,30,"조영섭(曹永涉), 천연도(千年桃), 김창현(金昌玄), 문덕상(文德相), 박홍빈(朴弘彬), 김순연(金順淵), 조정삼(趙丁三), 이정(李정), 나용기(羅龍基), 조원룡(趙元龍)"
108,원산부,45,15,"김인관(金仁寬), 원기복(元己福), 이용훤(李容暄), 정도린(鄭道潾), 최명복(崔明福), 최종빈(崔鍾濱), 안성련(安成連), 정봉승(鄭鳳升), 김원호(金原昊), 이약수(李若壽)"
109,친일파,45,15,"김인관(金仁寬), 원기복(元己福), 이용훤(李容暄), 정도린(鄭道潾), 최명복(崔明福), 최종빈(崔鍾濱), 안성련(安成連), 정봉승(鄭鳳升), 김원호(金原昊), 이약수(李若壽)"
110,깃발,44,38,"정동찬(丁銅燦), 조영섭(曹永涉), 이봉확(李鳳崔), 조인환(曹寅煥), 석병길(石丙吉), 김창현(金昌玄), 이태학(金永瑞), 최석룡(崔碩龍), 이정(李정), 강응삼(姜應三)"
111,학교,42,41,"장병삼(張炳三), 정효식(鄭孝植), 송명옥(宋明玉), 강상돈(康相敦), 김수한(金壽漢), 한극모(韓極模), 신횡호(申鐄浩), 민영진(閔泳鎭), 안도겸(安道謙), 전사종(全師鍾)"
112,정오,41,21,"김성구(金聲球), 홍기진(洪基鎭), 박성호(朴聖浩), 강흥락(姜興洛), 최명학(崔明鶴), 곽선죽(郭善竹), 한림(韓林), 이상로(李祥老), 이영식(李榮植), 도상록(都相祿)"
113,다중,41,33,"배중엽(裴重曄), 김창덕(金昌德), 권필호(權弼浩), 김인환(金仁煥), 류시복(柳始馥), 김용술(金用述), 이사원(李士元), 김석준(金石準), 한영수(韓泳洙), 권영대(權寧大)"
114,독립신문,41,25,"김학봉(金學鳳), 서인필(徐仁弼), 문상직(文相直), 유명식(劉命寔), 최진순(崔瑨淳), 전옥결(全玉결), 황용기(黃龍起), 정인규(鄭寅奎), 이시종(李時鍾), 김수용(金秀瑢)"
115,도교도,41,41,"김용수(金龍洙), 박필주(朴弼周), 김원걸(金元杰), 김응도(金應道), 김형선(金泂宣), 이두천(李斗闡), 박진화(朴鎭化), 오병선(吳炳善), 김하경(金河京), 김병령(金炳領)"
116,정의,41,34,"김태순(金泰淳), 류영오(柳泳旿), 김윤원(金潤元), 나경산(羅景山), 김성륜(金聖輪), 전훤식(全萱植), 이창하(李昌河), 김중삼(金仲三), 박승린(朴承린), 김초돌(金初乭)"
117,선동,41,29,"박상규(朴祥奎), 변인덕(邊仁德), 이만권(李萬權), 이여종(李呂鍾), 김오룡(金五龍), 김사구(金思九), 이기택(李起澤), 홍점산(洪点山), 이돈석(李敦錫), 김정구(金鼎九)"
118,혈전,41,11,"정규식(鄭奎植), 김종진(金鍾振), 박용주(朴龍柱), 김익하(金益夏), 전대진(全大振), 전필순(全弼淳), 윤용주(尹龍周), 장현식(張鉉軾), 노준(魯駿), 민강(閔강)"
119,실형,41,11,"정규식(鄭奎植), 김종진(金鍾振), 박용주(朴龍柱), 김익하(金益夏), 전대진(全大振), 전필순(全弼淳), 윤용주(尹龍周), 장현식(張鉉軾), 노준(魯駿), 민강(閔강)"
120,보부상,41,11,"정규식(鄭奎植), 김종진(金鍾振), 박용주(朴龍柱), 김익하(金益夏), 전대진(全大振), 전필순(全弼淳), 윤용주(尹龍周), 장현식(張鉉軾), 노준(魯駿), 민강(閔강)"
121,결정,40,15,"황봉규(黃琫奎), 김명송(金明松), 최한례(崔翰澧), 황태성(黃泰成), 방동칠(方東七), 장하경(張河經), 정기환(鄭箕桓), 강완주(姜完珠), 서성근(徐成根), 안시웅(安時雄)"
122,원내,40,20,"김성구(金聲球), 홍기진(洪基鎭), 박성호(朴聖浩), 강흥락(姜興洛), 최명학(崔明鶴), 한림(韓林), 곽선죽(郭善竹), 이영식(李榮植), 도상록(都相祿), 김두석(金斗錫)"
123,낭독,40,38,"김상옥(金尙玉), 장일현(張日炫), 이정화(李禎華), 김용수(金龍守), 임용하(林容夏), 계시항(桂時恒), 김면교(金冕敎), 김지웅(金志雄), 김술근(金述根), 이강호(李康호)"
124,참가,40,35,"장병삼(張炳三), 김탁선(金鐸善), 이만권(李萬權), 김병주(金炳柱), 류병곤(柳炳坤), 김경수(金敬秀), 이정철(李正哲), 김탁(金鐸), 이동욱(李東煜), 정구갑(鄭龜甲)"
125,인도,40,33,"김태순(金泰淳), 류영오(柳泳旿), 김윤원(金潤元), 나경산(羅景山), 김성륜(金聖輪), 전훤식(全萱植), 이창하(李昌河), 김중삼(金仲三), 박승린(朴承린), 김초돌(金初乭)"
126,경찰,40,11,"이주득(李周得), 김수백(金壽伯), 김양칠(金良七), 김찬용(金贊用), 김길성(金吉成), 김주한(金周翰), 김장안(金長安), 박내명(朴來明), 김도지(金道知), 김부복(金夫卜)"
127,교부,39,33,"이형률(李亨律), 김형국(金衡國), 최필주(崔弼柱), 임창수(林昌洙), 신횡호(申鐄浩), 나성호(羅聖鎬), 이천탁(李天鐸), 김영운(金泳運), 박문익(朴文翼), 하야재철(河野在喆)"
128,발표,39,22,"조경화(趙敬化), 김계식(金界植), 유장호(柳章浩), 이정연(李鼎淵), 최장부(崔丈夫), 김술근(金述根), 안영근(安永根), 장동순(張東淳), 윤탁진(尹鐸振), 김용원(金容元)"
129,예배당,38,19,"이공후(李公厚), 박근성(朴根盛), 오태진(吳泰鎭), 전정준(全珽準), 이계창(李桂昌), 박근창(朴根昌), 이근식(李根軾), 국본수송(國本秀松), 오현향(吳玄鄕), 안경식(安敬植)"
130,침입,38,15,"유성우(柳晟佑), 남세혁(南世爀), 이춘우(李春雨), 정학순(鄭學順), 임찬일(林燦逸), 노말수(盧末守), 유인석(柳寅錫), 임석현(林錫鉉), 최경학(崔敬鶴), 한일수(韓一洙)"
131,교사,36,21,"변길성(卞吉成), 강연(姜沇), 이학룡(李學龍), 이일득(李一得), 신공량(申公良), 류준석(柳俊錫), 박희빈(朴熙彬), 김광덕(金光德), 윤유암(尹有岩), 안성호(安聖鎬)"
132,최창룡,36,18,"김시원(金始圓), 이득렬(李得烈), 김희걸(金稀杰), 지광연(池光淵), 이원경(李元敬), 김성률(金聖律), 고삼봉(高三峯), 한유성(韓有聖), 박동일(朴東日), 이근식(李根植)"
133,가담,36,30,"김병륜(金秉輪), 전병희(全炳熙), 정도원(鄭道源), 한창근(韓昌根), 황치헌(黃致憲), 최병한(崔丙漢), 박용간(朴龍幹), 이진식(李鎭植), 류준규(柳俊奎), 방강실(芳岡實)"
134,선언문,36,20,"박삼도(朴三道), 전동환(全東煥), 신공량(申公良), 오은영(吳恩泳), 조성룡(曺成龍), 서진령(徐鎭령), 이계창(李桂昌), 고영규(高營奎), 이용재(李龍在), 김종현(金宗鉉)"
135,자고,36,30,"주동률(朱東律), 임기정(林基正), 김길호(金吉浩), 윤보현(尹普鉉), 윤태병(尹泰炳), 임창숙(林昌淑), 김봉서(金鳳瑞), 조완수(趙完洙), 정인성(鄭寅成), 김승옥(金升玉)"
136,한용운,35,7,"박연서(朴淵瑞), 강대려(姜大呂), 강대의(姜大宜), 김형석(金亨錫), 나병규(羅炳奎), 김철회(金喆會), 김연수(金延洙)"
137,이강,35,7,"박연서(朴淵瑞), 강대려(姜大呂), 강대의(姜大宜), 김형석(金亨錫), 나병규(羅炳奎), 김철회(金喆會), 김연수(金延洙)"
138,동리,35,24,"정동찬(丁銅燦), 권영봉(權寧鳳), 권명주(權明周), 권오집(權五集), 권영희(權寧熺), 이상발(李尙撥), 권오영(權五英), 한정종(韓丁鍾), 권영구(權寧龜), 김운식(金云植)"
139,장학,35,12,"황구룡(黃九龍), 이봉남(李鳳南), 김택룡(金宅龍), 전우일(全宇一), 최운송(崔雲松), 최형식(崔亨植), 전남규(全南圭), 오상혁(吳商赫), 최령(崔領), 김일천(金一天)"
140,광복회,34,5,"김한종(金漢鍾), 김승태(金承泰), 임세규(林世圭), 김혜종(金惠鍾), 권성욱(權成旭)"
141,주동,34,15,"장귀남(張貴男), 이만석(李萬錫), 홍면(洪冕), 홍준옥(洪埈玉), 임팔용(林八龍), 최기홍(崔基弘), 김명제(金命濟), 정성교(鄭聖敎), 장호형(張浩享), 정흥룡(鄭興龍)"
142,태을선,33,20,"연산시화(延山始化), 오승언(吳承彦), 금곡태휴(金谷泰休), 오정숙(吳禎淑), 금정경식(金井景軾), 강석구(姜錫龜), 궁본성예(宮本聖裔), 장원국(張元國), 고두만(高斗萬), 이원두표(李原斗杓)"
143,폭행,33,12,"박봉일(朴鳳逸), 김성련(金成鍊), 김양칠(金良七), 김찬용(金贊用), 허영준(許英俊), 김익련(金益鍊), 허을(許○), 김장안(金長安), 류동렬(柳東烈), 강학남(姜學男)"
144,사람,32,22,"김순천(金順天), 김승일(金承一), 강내석(康乃錫), 천연도(千年桃), 조정삼(趙丁三), 송천경(宋遷景), 김성택(金聲澤), 김사구(金思九), 전성필(全晟弼), 김탁(金鐸)"
145,창설,32,21,"연산시화(延山始化), 오승언(吳承彦), 금곡태휴(金谷泰休), 오정숙(吳禎淑), 강석구(姜錫龜), 궁본성예(宮本聖裔), 홍이관(洪利寬), 장원국(張元國), 고두만(高斗萬), 이원두표(李原斗杓)"
146,계획,32,14,"이필화(李苾和), 이강호(李康호), 한탁렬(韓鐸烈), 서진(徐震), 국진순(鞠眞淳), 이재연(李載淵), 이삼희(李三喜), 주병해(朱秉海), 김동목(金東穆), 은경옥(殷慶玉)"
147,권유,32,26,"박삼도(朴三道), 한길상(韓吉祥), 안형섭(安炯燮), 정석룡(鄭錫龍), 최전화(最塡和), 신횡호(申鐄浩), 김성택(金聲澤), 김승옥(金升玉), 서정희(徐廷禧), 김부문(金富文)"
148,생도,31,28,"이동욱(李東昱), 임기정(林基正), 이학룡(李學龍), 윤상은(尹想殷), 김길호(金吉浩), 박성철(朴性哲), 김관룡(金寬龍), 오시권(吳時勸), 정인성(鄭寅成), 정홍모(鄭鴻謨)"
149,출원,31,31,"산성능진(山城能珍), 강본기준(江本基俊), 서원승인(西原昇寅), 금산성업(金山性業), 박현환(朴賢煥), 금산항복(金山恒福), 오봉빈(吳鳳彬), 백천응현(白川應賢), 안등명식(安藤明埴), 허용성(許龍成)"
150,상이,31,31,"산성능진(山城能珍), 강본기준(江本基俊), 서원승인(西原昇寅), 금산성업(金山性業), 박현환(朴賢煥), 금산항복(金山恒福), 오봉빈(吳鳳彬), 백천응현(白川應賢), 안등명식(安藤明埴), 허용성(許龍成)"
151,민주주의,31,31,"산성능진(山城能珍), 강본기준(江本基俊), 서원승인(西原昇寅), 금산성업(金山性業), 박현환(朴賢煥), 금산항복(金山恒福), 오봉빈(吳鳳彬), 백천응현(白川應賢), 안등명식(安藤明埴), 허용성(許龍成)"
152,폐제,31,19,"연산시화(延山始化), 오승언(吳承彦), 금곡태휴(金谷泰休), 오정숙(吳禎淑), 금정경식(金井景軾), 강석구(姜錫龜), 궁본성예(宮本聖裔), 장원국(張元國), 고두만(高斗萬), 이원두표(李原斗杓)"
153,시도,31,11,"박기래(朴琪來), 결성영구(結城永九), 김규수(金奎秀), 임재신(林在信), 김기태(金基泰), 청풍수정(淸風秀正), 박천홍(朴天洪), 덕산순태(德山淳泰), 김현태(金鉉泰), 신건희(申健熙)"
154,황해도,31,18,"유형근(兪亨根), 김병화(金秉華), 김치서(金致瑞), 류용준(柳龍俊), 오사선(吳四善), 이진각(李鎭珏), 염준호(廉俊鎬), 최봉조(崔鳳祚), 곽준명(郭俊明), 임광채(林光彩)"
155,신용,31,11,"김중식(金重植), 최찬섭(崔瓚燮), 최재식(崔在植), 서병돈(徐丙敦), 고봉학(高鳳鶴), 이병구(李丙求), 이전영(李前榮), 임운선(任雲善), 오복영(吳福永), 최병택(崔秉宅)"
156,뒷산,31,30,"김제룡(金濟龍), 장영옥(張永玉), 구문일(具文一), 김용섭(金用燮), 김명길(金命吉), 김해룡(金海龍), 이복구(李福求), 박소봉(朴小奉), 정남준(鄭南俊), 박원칠(朴元七)"
157,언동,31,25,"김원진(金元鎭), 박필주(朴弼周), 이봉순(李鳳舜), 유복렬(柳復烈), 오은영(吳恩泳), 금산무등(金山武登), 노동산(盧東山), 김약준(金若濬), 정인하(鄭寅夏), 국본수송(國本秀松)"
158,우리,30,15,"금해건호(金海健鎬), 김봉구(金鳳九), 김유근(金有根), 공본복순(孔本福順), 서강대원(瑞岡大圓), 최수련(崔壽連), 김용희(金用熙), 신주학(申周學), 송일길(宋日吉), 금택용서(金澤鏞瑞)"
159,평화,30,23,"차인규(車寅奎), 이응화(李應華), 최병교(崔秉敎), 문평경호(文平京浩), 양의근(楊義根), 김연순(金蓮順), 독고선(獨孤璇), 이경서(李景瑞), 김귀남(金貴南), 류해경(柳海京)"
160,방법,30,18,"유시국(劉時國), 최상린(崔祥麟), 황중문(黃仲文), 김운하(金雲河), 최수만(崔壽萬), 김일곤(金日坤), 이순흥(李順興), 오운산(吳雲山), 김용성(金容成), 노용빈(盧龍斌)"
161,신흥,30,15,"장병삼(張炳三), 김영한(金靈漢), 안경식(安敬植), 송영환(宋永煥), 박근성(朴根盛), 홍기주(洪箕疇), 박근창(朴根昌), 이겸노(李謙魯), 홍기황(洪基璜), 장치남(張治南)"
162,우편,30,12,"김중식(金重植), 최찬섭(崔瓚燮), 최재식(崔在植), 서병돈(徐丙敦), 이병구(李丙求), 임운선(任雲善), 이전영(李前榮), 오복영(吳福永), 최병택(崔秉宅), 오윤선(吳允善)"
163,동참,29,14,"안성호(安聖鎬), 이활란(李活蘭), 양재순(梁載淳), 강연(姜沇), 김관회(金寬會), 김현경(金賢敬), 류준석(柳俊錫), 김동혁(金東赫), 박루이사(朴婁以士), 윤봉균(尹鳳均)"
164,수십,29,21,"엄본성(嚴本成), 심점봉(沈点奉), 권은(權慇), 박성철(朴性哲), 황옥(黃鈺), 한백석(韓百石), 정홍모(鄭鴻謨), 이재록(李在祿), 이득수(李得壽), 김춘수(金春洙)"
165,세계,29,18,"김용술(金用述), 김준영(金俊永), 김태준(金泰濬), 류낙수(柳洛秀), 김약준(金若濬), 양원계초(良元啓超), 신병칠(辛秉七), 이경서(李景瑞), 김탁(金鐸), 김승신(金承信)"
166,저지,29,27,"김용수(金龍洙), 김원걸(金元杰), 김응도(金應道), 김형선(金泂宣), 이두천(李斗闡), 박진화(朴鎭化), 오병선(吳炳善), 김하경(金河京), 김병령(金炳領), 김여진(金麗鎭)"
167,발동,29,16,"장세급(張世급), 이진익(李璡翼), 윤정길(尹鼎吉), 김건찬(金建瓚), 주중건(朱重建), 김이범(金李範), 이창하(李昌河), 박인진(朴寅鎭), 백관범(白琯範), 주의락(朱義洛)"
168,찬동,29,26,"이형률(李亨律), 김병수(金丙洙), 김양순(金良順), 김형로(金瀅櫓), 조종현(趙宗玄), 박진화(朴秦和), 박문익(朴文翼), 이기택(李起澤), 박용태(朴容泰), 조내원(趙來源)"
169,위해,29,17,"하홍기(河洪基), 김선태(金璿泰), 염처학(廉處學), 심문식(沈文植), 정명주(鄭命周), 이병성(李秉性), 김병홍(金秉泓), 주승렬(朱承烈), 최일만(崔壹萬), 정일섭(鄭日燮)"
170,동포,28,17,"고산홍석(高山洪錫), 고산규협(高山圭俠), 유석우(庾錫祐), 송원문헌(松原文憲), 김규열(金圭烈), 김용희(金用熙), 정원호(鄭源浩), 이약한(李約翰), 강일영(姜日永), 전준희(全俊禧)"
171,허가,28,14,"이명종(李明鍾), 안성호(安聖鎬), 이활란(李活蘭), 양재순(梁載淳), 강연(姜沇), 김관회(金寬會), 김현경(金賢敬), 류준석(柳俊錫), 현언동(玄彦東), 박루이사(朴婁以士)"
172,선인,28,8,"천본구웅(川本久雄), 이홍국(李弘國), 결성영구(結城永九), 임재신(林在信), 청풍수정(淸風秀正), 덕산순태(德山淳泰), 김응률(金應律), 김운종(金雲鍾)"
173,병주,28,18,"성도환(成道煥), 이용각(李龍珏), 권숙린(權肅린), 김치수(金致壽), 신순근(辛淳根), 원이돌(元李突), 명치택(明治澤), 한창순(韓昌順), 이금봉(李今奉), 한창룡(韓昌龍)"
174,수명,28,23,"김병륜(金秉輪), 옥천홍섭(玉川弘燮), 한창근(韓昌根), 금택용서(金澤鏞瑞), 이정(李정), 김정렬(金丁烈), 박소봉(朴小奉), 김석규(金錫圭), 김석준(金石準), 김경권(金京權)"
175,연호,28,23,"김명출(金明出), 김도식(金道式), 이화실(李華實), 마갑문(馬甲文), 채희각(蔡凞覺), 김삭불(金朔不), 김석규(金錫圭), 주용길(朱龍吉), 장용암(張龍岩), 전순환(全順煥)"
176,내용,28,16,"한남수(韓南洙), 정후민(鄭候敏), 이춘균(李春均), 이대흥(李大興), 이요습(李要習), 김사국(金思國), 한동석(韓銅錫), 윤규호(尹圭祜), 임창수(林昌洙), 김호준(金鎬俊)"
177,장애,28,10,"김중식(金重植), 최찬섭(崔瓚燮), 최재식(崔在植), 서병돈(徐丙敦), 이병구(李丙求), 임운선(任雲善), 이전영(李前榮), 오복영(吳福永), 최병택(崔秉宅), 오윤선(吳允善)"
178,패배,27,7,"방본홍벽(邦本鴻壁), 장원한철(張元漢哲), 결성영구(結城永九), 임재신(林在信), 청풍수정(淸風秀正), 덕산순태(德山淳泰), 천본구웅(川本久雄)"
179,가지,27,26,"김동현(金東炫), 송종근(宋鍾根), 안종화(安鍾和), 남흥성(南興成), 김시중(金時中), 추은정(秋殷町), 김익룡(金益龍), 고민룡(高敏龍), 유성우(柳晟佑), 김정식(金貞植)"
180,인쇄물,27,14,"박판종(朴判宗), 최영식(崔永植), 이춘균(李春均), 김학봉(金學鳳), 공흥문(孔興文), 김민규(金敏奎), 한상봉(韓相鳳), 김우약(金禹若), 원봉진(元鳳津), 이종린(李鍾麟)"
181,이진형,27,9,"조인애(曹仁愛), 김갑규(金甲奎), 장덕기(張德基), 채공필(蔡公弼), 최창인(崔昌仁), 방렬(方烈), 유경식(劉瓊植), 김영돈(金永敦), 장동원(張東元)"
182,황도,27,9,"조인애(曹仁愛), 김갑규(金甲奎), 장덕기(張德基), 채공필(蔡公弼), 최창인(崔昌仁), 방렬(方烈), 유경식(劉瓊植), 김영돈(金永敦), 장동원(張東元)"
183,환등,27,9,"조인애(曹仁愛), 김갑규(金甲奎), 장덕기(張德基), 채공필(蔡公弼), 최창인(崔昌仁), 방렬(方烈), 유경식(劉瓊植), 김영돈(金永敦), 장동원(張東元)"
184,출판,27,13,"류훈상(柳勳相), 김응집(金應集), 김승한(金承翰), 이화선(李化善), 김교상(金敎爽), 이규용(李奎鎔), 진평헌(陳平軒), 류동붕(柳東鵬), 최남선(崔南善), 이보식(李輔植)"
185,도로,27,25,"김기수(金基洙), 정귀인(鄭貴仁), 원준서(元俊瑞), 조인환(曹寅煥), 노용빈(盧龍斌), 주종찬(朱宗讚), 미파평숙(美波平淑), 박영환(朴榮煥), 석련극(石鍊極), 장용암(張龍岩)"
186,야구,27,9,"홍면(洪冕), 홍복룡(洪福龍), 홍준옥(洪埈玉), 임팔용(林八龍), 김도정(金度貞), 김성실(金成實), 김명제(金命濟), 박춘흥(朴春興), 민용운(閔龍雲)"
187,광삼,27,9,"홍면(洪冕), 홍복룡(洪福龍), 홍준옥(洪埈玉), 임팔용(林八龍), 김도정(金度貞), 김성실(金成實), 김명제(金命濟), 박춘흥(朴春興), 민용운(閔龍雲)"
188,기회,26,18,"이인영(李寅永), 강경화(姜敬化), 손경호(孫庚虎), 조동룡(趙東龍), 강완주(姜完珠), 손치우(孫致祐), 안전한옥(安田漢玉), 김운화(金雲化), 박만관(朴萬官), 배세동(裵世동)"
189,사실,26,24,"김순구(金舜九), 이태형(李台炯), 허응숙(許應숙), 류병곤(柳炳坤), 방형묵(方亨默), 이영래(李永來), 정근호(鄭根鎬), 최재준(崔載俊), 진석린(陳錫麟), 임찬급(林燦及)"
190,고취,26,13,"김창순(金昌順), 김학봉(金學鳳), 서인필(徐仁弼), 송명옥(宋明玉), 강연권(姜淵權), 한탁렬(韓鐸烈), 류봉기(柳奉基), 주병해(朱秉海), 김귀생(金貴生), 고명철(高明哲)"
191,역전,26,13,"유극로(兪極老), 전동환(全東煥), 김용희(金用熙), 김철환(金鐵煥), 김탁원(金鐸遠), 박윤하(朴潤夏), 강일영(姜日永), 남정채(南廷彩), 양호갑(梁好甲), 장기욱(張基郁)"
192,사상,26,13,"고산홍석(高山洪錫), 송본종근(宋本琮根), 이정률(李廷律), 한탁렬(韓鐸烈), 이병의(李丙儀), 양산재만(陽山在萬), 김형도(金亨道), 주병해(朱秉海), 김청풍(金淸風), 고명철(高明哲)"
193,제공,25,14,"송산무웅(松山武雄), 이대정(李大鼎), 채신묵(蔡信默), 손화삼(孫華三), 노화범(盧和範), 이기두(李基斗), 한원칠(韓元七), 강극모(姜克模), 안형섭(安炯燮), 안억준(安檍焌)"
194,일반인,25,14,"안성호(安聖鎬), 이병철(李丙哲), 이활란(李活蘭), 양재순(梁載淳), 강연(姜沇), 김관회(金寬會), 송본광홍(松本光弘), 김현경(金賢敬), 류준석(柳俊錫), 현언동(玄彦東)"
195,만국,25,21,"신상우(申相雨), 차인규(車寅奎), 박경흥(朴慶興), 이진식(李鎭植), 독고선(獨孤璇), 정병모(鄭丙謨), 류해경(柳海京), 신국홍(申國洪), 이한춘(李漢春), 손덕겸(孫德謙)"
196,공립,25,19,"이동욱(李東昱), 조영근(曺永根), 김진기(金鎭淇), 김우진(金宇鎭), 정진완(鄭鎭琬), 신순근(申順根), 박만갑(朴萬甲), 김경진(金景珍), 박윤무(朴允茂), 김칠종(金七鍾)"
197,조직,25,24,"홍원영(洪元榮), 김정환(金正煥), 영가태웅(永佳泰雄), 청촌의(淸村義), 황일보(黃一甫), 박재하(朴載廈), 현칠종(玄七鍾), 이주화(李周和), 김규극(金奎極), 김홍계(金洪桂)"
198,해산,25,7,"김우한(金禹漢), 김몽룡(金夢龍), 주영철(朱永澈), 장병섭(張炳涉), 박규성(朴圭星), 최목형(崔穆亨), 양성용(梁成龍)"
199,경찰관,25,14,"박재엽(朴在曄), 김술병(金述秉), 박계갑(朴桂甲), 박범룡(朴範龍), 김은호(金殷鎬), 이동홍(李東洪), 김용문(金用文), 유의호(柳宜鎬), 유진홍(兪鎭弘), 유성렬(劉性烈)"
200,서적,24,21,"남궁태(南宮○), 목산항규(牧山恒珪), 이병국(李炳國), 궁본권현(宮本權鉉), 김한섭(金漢燮), 송본길평(松本吉平), 청정환(淸井桓), 최종엽(崔宗燁), 김민옥(金玟玉), 이연호(李淵湖)"
201,전국,24,22,"백상규(白相奎), 김창준(金昌俊), 홍득린(洪得麟), 김취곤(金聚坤), 류상순(柳相淳), 신국홍(申國洪), 한병익(韓秉益), 정춘수(鄭春洙), 문은종(文殷鍾), 문정환(文廷煥)"
202,해방,24,20,"송원박(宋原博), 덕산숙범(悳山淑範), 우영구(禹英九), 이가정순(李家廷順), 정의식(鄭宜植), 이정섭(李晶燮), 서원붕교(西原鵬敎), 송포윤(宋浦潤), 대촌행량(大村幸良), 금영준회(金永俊會)"
203,지휘,24,24,"김태순(金泰淳), 원세후(元世후), 최자근동(崔者斤同), 변인덕(邊仁德), 전훤식(全萱植), 이창룡(李昌龍), 양대삼(梁大三), 이인봉(李仁鳳), 권태현(權泰顯), 윤자학(尹滋學)"
204,대내,24,24,"김용수(金龍洙), 김원걸(金元杰), 김응도(金應道), 김형선(金泂宣), 이두천(李斗闡), 박진화(朴鎭化), 오병선(吳炳善), 김하경(金河京), 김병령(金炳領), 김여진(金麗鎭)"
205,높이,24,19,"박범룡(朴範龍), 김계한(金啓漢), 주동률(朱東律), 김일곤(金日坤), 김익현(金翊顯), 이복구(李福求), 김병진(金秉軫), 김은호(金殷鎬), 김영목(金永睦), 이백룡(李白龍)"
206,공공,24,8,"박진갑(朴辰甲), 김찬희(金燦熙), 송병철(宋秉喆), 박순장(朴淳璋), 유인수(兪仁洙), 장석영(張錫永), 김교승(金敎承), 김동익(金東益)"
207,전차,24,8,"박진갑(朴辰甲), 김찬희(金燦熙), 송병철(宋秉喆), 박순장(朴淳璋), 유인수(兪仁洙), 장석영(張錫永), 김교승(金敎承), 김동익(金東益)"
208,복사,24,16,"변길성(卞吉成), 이진규(李眞圭), 김유문(金裕問), 이도준(李道俊), 이강호(李康호), 전세종(田世鍾), 양기철(梁基哲), 이건태(李建台), 임병률(林秉律), 은경옥(殷慶玉)"
209,권총,24,10,"이종만(李鐘萬), 유성우(柳晟佑), 김내찬(金○贊), 김정욱(金貞郁), 유택수(柳澤秀), 현덕균(玄德均), 황옥(黃鈺), 박노동(朴魯東), 홍종우(洪鍾祐), 문남용(文南用)"
210,수백,24,19,"장춘식(張春植), 조술현(曺述鉉), 조장록(趙長錄), 이영수(李永秀), 윤영규(尹寧圭), 김이제(金利濟), 정일선(丁一善), 최복석(崔復錫), 김달년(金達年), 장찬진(張燦鎭)"
211,자유민,24,10,"장세급(張世급), 이진익(李璡翼), 전경석(全景錫), 유연화(柳淵和), 주중건(朱重建), 김이범(金李範), 박인진(朴寅鎭), 주의락(朱義洛), 김덕모(金德模), 주관헌(朱寬憲)"
212,교도,24,22,"박시훈(朴時薰), 안병철(安秉喆), 박관식(朴寬植), 이진후(李震厚), 박봉우(朴鳳虞), 이치홍(李致洪), 노동산(盧東山), 유근성(柳根成), 이형봉(李亨鳳), 박봉준(朴鳳濬)"
213,사건,24,8,"안동영목(安東寧牧), 조기수(趙基洙), 대강룡지조(大江龍之助), 최명남(崔明南), 이기남(李基南), 최명철(崔明喆), 정희수(鄭禧洙), 정석화(鄭錫和)"
214,여러,23,14,"홍인표(洪仁杓), 이영규(李永奎), 신종범(愼宗範), 박성오(朴星午), 김사구(金思九), 김영기(金寧基), 이언강(李彦綱), 남진희(南軫熙), 오형선(吳瀅善), 윤인중(尹寅重)"
215,하자,23,15,"양규섭(梁奎涉), 한삼석(韓三石), 주동섭(朱東燮), 권숙린(權肅린), 김연택(金然澤), 암촌우영(岩村友影), 이봉확(李鳳崔), 송일길(宋日吉), 유세근(柳世根), 이태형(李台炯)"
216,폭등,23,23,"정효식(鄭孝植), 강상돈(康相敦), 김수한(金壽漢), 민영진(閔泳鎭), 송복남(宋福男), 조금동(趙金東), 태옥동(太玉童), 한기천(韓基天), 송진수(宋鎭秀), 조종운(趙鍾雲)"
217,퇴장,23,23,"정효식(鄭孝植), 강상돈(康相敦), 김수한(金壽漢), 민영진(閔泳鎭), 송복남(宋福男), 조금동(趙金東), 태옥동(太玉童), 한기천(韓基天), 송진수(宋鎭秀), 조종운(趙鍾雲)"
218,상해,23,16,"김취곤(金聚坤), 이여종(李呂鍾), 김창숙(金昌淑), 황금술(黃金述), 김석(金晳), 강연권(姜淵權), 고태현(高台鉉), 박희숙(朴熙淑), 유창목(兪昌穆), 송기주(宋己柱)"
219,평등,23,19,"오문규(吳文奎), 부태환(夫泰煥), 김유환(金유煥), 안구현(安九玹), 김태안(金泰安), 문재진(文在珍), 이신호(李辛祜), 김민화(金玟華), 고운선(高雲善), 이익우(李益雨)"
220,청소년,23,19,"오문규(吳文奎), 부태환(夫泰煥), 김유환(金유煥), 안구현(安九玹), 김태안(金泰安), 문재진(文在珍), 이신호(李辛祜), 김민화(金玟華), 고운선(高雲善), 이익우(李益雨)"
221,경선,23,23,"윤귀룡(尹貴龍), 이인영(李寅永), 김창현(金昌玄), 윤원삼(尹愿三), 이계창(李桂昌), 김응관(金應寬), 박윤하(朴潤夏), 이열성(李烈性), 양주흡(梁周洽), 전준희(全俊禧)"
222,단원,23,17,"남상정(南相禎), 김재희(金在禧), 박재수(朴在洙), 권점동(權点同), 이일득(李一得), 정석룡(鄭錫龍), 구남회(具南會), 김두영(金杜榮), 김창일(金昌鎰), 유진환(柳振桓)"
223,병기,23,6,"김한종(金漢鍾), 김승태(金承泰), 임세규(林世圭), 하동해안(河東海晏), 권성욱(權成旭), 설운룡(薛雲龍)"
224,차례,23,13,"김병연(金秉璉), 유성우(柳晟佑), 김영기(金寧基), 차성수(車性洙), 장춘식(張春植), 김두백(金枓白), 장창희(張昌熙), 손영권(孫永權), 허영원(許永元), 남진희(南軫熙)"
225,신도,23,18,"박인건(朴寅鍵), 김홍식(金鴻植), 이종명(李鍾溟), 양동선(梁東璿), 이창옥(李昌玉), 김응주(金應疇), 김사국(金士國), 김진오(金鎭五), 박내윤(朴來潤), 원낙구(元洛龜)"
226,일본,23,15,"선원기평(善元基平), 김용병(金瑢炳), 서강대원(瑞岡大圓), 방본홍벽(邦本鴻壁), 주정식(朱廷植), 김평원(金平遠), 암촌우영(岩村友影), 이판길(李判吉), 삼산명호(森山明鎬), 장원한철(張元漢哲)"
227,연통제,22,22,"최형욱(崔衡郁), 김동식(金東湜), 석인욱(石麟郁), 석인제(石麟濟), 최붕남(崔鵬南), 이희복(李熙馥), 강학병(姜鶴秉), 민강(閔강), 최창악(崔昌岳), 전용락(全龍洛)"
228,학생,22,18,"김원벽(金元壁), 심헌섭(沈憲燮), 인운식(印雲植), 금촌용규(金村容圭), 이도상(李道相), 인학수(印鶴洙), 한영수(韓泳洙), 이봉소(李鳳韶), 윤가현(尹珂鉉), 유돌기(柳乭基)"
229,이탈,22,22,"강필구(姜弼求), 남궁태(南宮○), 김인권(金仁權), 서원건웅(西原健雄), 김중섭(金重燮), 배수겸(裵秀謙), 고산종근(高山鍾根), 김상국(金相國), 이연호(李淵湖), 차봉남(車鳳南)"
230,선언서,22,18,"박판종(朴判宗), 이동찬(李東贊), 전희로(全希魯), 최영식(崔永植), 김봉빈(金鳳彬), 송인석(宋仁奭), 김승옥(金升玉), 유영환(劉永煥), 임용하(林容夏), 염현두(廉鉉斗)"
231,해주군,22,12,"오성칠(吳聖七), 김병화(金秉華), 김치서(金致瑞), 오사선(吳四善), 이진각(李鎭珏), 염준호(廉俊鎬), 최봉조(崔鳳祚), 곽준명(郭俊明), 최인영(崔仁永), 정성현(鄭聖鉉)"
232,문학,22,14,"궁본한룡(宮本漢龍), 금정부웅(今井富雄), 안풍종한(安豊鍾漢), 금곡영창(金谷永倉), 무촌청진(茂村靑辰), 안전철삼(安田哲三), 금전광성(金田光成), 향촌유환(鄕村侑煥), 암천수광(岩川秀光), 명촌제립(明村濟立)"
233,연설,22,19,"최재훈(崔在勳), 이인영(李寅永), 권담(權澹), 김평원(金平遠), 윤교영(尹敎永), 김종석(金鍾錫), 윤대선(尹大善), 주용길(朱龍吉), 맹태유(孟泰裕), 최영효(崔永孝)"
234,문서,22,14,"이춘봉(李春鳳), 이병관(李炳觀), 권철(權鐵), 이대흥(李大興), 이응모(李應模), 김영찬(金永燦), 장용하(張龍河), 주명득(朱明得), 임양재(任良宰), 김교상(金敎爽)"
235,상원,22,11,"최용원(崔龍源), 금해건호(金海健鎬), 박훈경(朴勳慶), 박성규(朴聖奎), 김하영(金夏榮), 김진영(金振榮), 양태호(梁泰浩), 진희수(秦希洙), 진희봉(秦希鳳), 백명천(白明天)"
236,오후,22,21,"유완진(柳完鎭), 임영신(任永信), 김정하(金貞夏), 김재흥(金在興), 나찬진(羅燦鎭), 이병건(李炳建), 최기물(崔氣物), 황쾌동(黃快童), 최요한라(崔堯漢羅), 서우석(徐禹錫)"
237,만주,22,20,"황일보(黃一甫), 김정환(金正煥), 박재하(朴載廈), 현칠종(玄七鍾), 이주화(李周和), 김규극(金奎極), 김홍계(金洪桂), 정인석(鄭寅晳), 김용복(金龍福), 이주봉(李柱鳳)"
238,협의,22,18,"우전창원(宇田昌源), 김부득(金富○), 김석만(金錫萬), 이인규(李麟珪), 임종근(林鍾根), 박정은(朴正殷), 하동해안(河東海晏), 김병창(金秉昌), 조홍기(趙鴻基), 최흥길(崔興吉)"
239,발송,22,10,"원정상(元正常), 김한종(金漢鍾), 안학수(安學洙), 이언성(李彦成), 김영찬(金永燦), 박성욱(朴性煜), 임세규(林世圭), 조경윤(趙景尹), 박도현(朴道鉉), 청송신남(靑松信男)"
240,지원,22,17,"이용하(李容河), 전상준(全相俊), 평소상권(平沼相權), 진진권(陳振權), 양주성(梁柱星), 김종헌(金鍾憲), 상원천중(上原川重), 덕산희영(德山僖英), 산전영순(山田榮淳), 민창근(閔昌根)"
241,공무,22,12,"최용원(崔龍源), 박훈경(朴勳慶), 박성규(朴聖奎), 박용간(朴龍幹), 류준규(柳俊奎), 김하영(金夏榮), 김진영(金振榮), 양태호(梁泰浩), 진희수(秦希洙), 진희봉(秦希鳳)"
242,위협,22,6,"김한종(金漢鍾), 임세규(林世圭), 유인석(柳寅錫), 정호현(鄭豪鉉), 주덕기(朱德基), 정운화(鄭雲和)"
243,직무,22,11,"장귀남(張貴男), 이만석(李萬錫), 신현성(申鉉成), 이교성(李敎成), 정효섭(丁孝燮), 최기홍(崔基弘), 정성교(鄭聖敎), 정흥룡(鄭興龍), 홍종선(洪鍾先), 최기영(崔基榮)"
244,진압,22,11,"장귀남(張貴男), 이만석(李萬錫), 신현성(申鉉成), 이교성(李敎成), 정효섭(丁孝燮), 최기홍(崔基弘), 정성교(鄭聖敎), 정흥룡(鄭興龍), 홍종선(洪鍾先), 최기영(崔基榮)"
245,결투,22,11,"장귀남(張貴男), 이만석(李萬錫), 신현성(申鉉成), 이교성(李敎成), 정효섭(丁孝燮), 최기홍(崔基弘), 정성교(鄭聖敎), 정흥룡(鄭興龍), 홍종선(洪鍾先), 최기영(崔基榮)"
246,공동,21,16,"김계한(金啓漢), 이용각(李龍珏), 권영대(權寧大), 서순봉(徐淳鳳), 김현일(金顯一), 김명식(金明植), 김영목(金永睦), 장송손(張松孫), 진택룡(陳澤龍), 김영종(金永鍾)"
247,안녕,21,21,"심점봉(沈点奉), 이영직(李泳稙), 이학복(李鶴馥), 최붕학(崔鵬학), 신상흡(申相翕), 김창건(金昌健), 이상로(李祥老), 이흥록(李興錄), 강용상(康龍祥), 신석찬(申錫燦)"
248,선천,21,21,"김상옥(金尙玉), 장일현(張日炫), 이정화(李禎華), 김용수(金龍守), 계시항(桂時恒), 김지웅(金志雄), 이기동(李起東), 김진수(金珍洙), 김수문(金守文), 오택렬(吳宅烈)"
249,행위,21,20,"풍전수홍(豊田修弘), 향원창한(香原昌翰), 고신봉(高信鳳), 궁본권현(宮本權鉉), 조동준(趙東浚), 오영순(吳英淳), 김도원(金道源), 덕포청정(德浦淸正), 이한춘(李漢春), 산본일근(山本一根)"
250,서로,21,20,"김제룡(金濟龍), 최난씨(崔蘭氏), 지사원(池思源), 황호경(黃鎬京), 문상옥(文相玉), 손영희(孫永喜), 소사명(邵思明), 윤철(尹喆), 문성술(文成述), 김성수(金性守)"
251,독립군,21,13,"조기수(趙基洙), 전낙규(全洛奎), 박상규(朴祥奎), 임봉춘(林鳳春), 최익한(崔益翰), 이시곤(李時坤), 현기언(玄基언), 최재홍(崔載弘), 현덕균(玄德均), 금해석(琴海汐)"
252,인쇄,21,12,"이병관(李炳觀), 김명규(金明奎), 박삼도(朴三道), 이요습(李要習), 전경석(全景錫), 유연화(柳淵和), 오은영(吳恩泳), 김교상(金敎爽), 임창수(林昌洙), 김병식(金秉植)"
253,관청,21,9,"이명종(李明鍾), 윤치방(尹致芳), 오기섭(吳基燮), 이학근(李學根), 정찬도(鄭燦道), 노기호(盧起灝), 오인섭(吳仁燮), 김기욱(金基彧), 조명원(趙明元)"
254,인식,21,6,"김명송(金明松), 방동칠(方東七), 장하경(張河經), 서성근(徐成根), 안시웅(安時雄), 김재수(金在水)"
255,명의,21,18,"김영두(金榮斗), 함치각(咸致恪), 김주봉(金周鳳), 이시웅(李時雄), 김병련(金炳鍊), 이세춘(李世春), 김호성(金浩誠), 김용성(金容成), 임광채(林光彩), 최정건(崔貞健)"
256,거부,21,3,"김우한(金禹漢), 김몽룡(金夢龍), 최목형(崔穆亨)"
257,파기,21,3,"김우한(金禹漢), 김몽룡(金夢龍), 최목형(崔穆亨)"
258,야기,21,11,"안동영목(安東寧牧), 이규민(李圭敏), 안낙순(安樂淳), 유진홍(兪鎭弘), 김사철(金四哲), 원병준(元炳埈), 이천봉(李千奉), 신명국(申明國), 김용준(金用俊), 백창길(白昌吉)"
259,시내,21,15,"장남규(張南奎), 김순천(金順天), 김예진(金禮鎭), 황상호(黃尙鎬), 김성민(金聖敏), 류상규(柳尙奎), 김석현(金碩鉉), 김인환(金仁煥), 석동준(石東俊), 임영구(林永九)"
260,지나,21,14,"김술근(金述根), 김희중(金熙重), 김영기(金榮基), 채신묵(蔡信默), 정성룡(鄭聖龍), 김창일(金昌鎰), 이춘구(李春九), 장의묵(張義默), 정성봉(鄭聖鳳), 지산수암(芝山秀巖)"
261,투쟁,21,11,"이경순(李敬純), 한홍익(韓鴻翼), 최남규(崔南奎), 한효삼(韓孝三), 신수복(愼壽福), 이금복(李金福), 차우영수(車又永秀), 유영준(柳榮俊), 최경덕(崔璟德), 최근철(崔根哲)"
262,송부,20,7,"강대려(姜大呂), 김봉빈(金鳳彬), 이명건(李命鍵), 김수길(金壽吉), 금원상권(金原相權), 이영옥(李榮玉), 이수건(李壽鍵)"
263,활동,20,18,"산성능진(山城能珍), 김창숙(金昌淑), 안등명식(安藤明埴), 석산원치(石山元治), 정의식(鄭宜植), 서원승인(西原昇寅), 강연권(姜淵權), 이문호(李文浩), 하야재철(河野在喆), 허재선(許在先)"
264,쟁취,20,20,"최형욱(崔衡郁), 김동식(金東湜), 석인욱(石麟郁), 석인제(石麟濟), 최붕남(崔鵬南), 이희복(李熙馥), 강학병(姜鶴秉), 유제탁(柳帝鐸), 최창악(崔昌岳), 전용락(全龍洛)"
265,탐독,20,18,"여운철(呂運徹), 조동준(趙東浚), 목산항규(牧山恒珪), 금천상준(金川相俊), 목자동화(木子東華), 궁본권현(宮本權鉉), 덕본광의(德本光毅), 김한섭(金漢燮), 송본길평(松本吉平), 이병국(李炳國)"
266,취야리,20,10,"김병화(金秉華), 김치서(金致瑞), 오사선(吳四善), 이진각(李鎭珏), 염준호(廉俊鎬), 최봉조(崔鳳祚), 곽준명(郭俊明), 최인영(崔仁永), 정성현(鄭聖鉉), 길선호(吉先浩)"
267,동민,20,19,"구문일(具文一), 김명출(金明出), 김익하(金益夏), 이화실(李華實), 마갑문(馬甲文), 손기현(孫淇鉉), 유제섭(劉悌燮), 최종수(崔宗壽), 이시종(李時鍾), 허식(許植)"
268,문단,20,12,"궁본한룡(宮本漢龍), 금정부웅(今井富雄), 안풍종한(安豊鍾漢), 금곡영창(金谷永倉), 무촌청진(茂村靑辰), 안전철삼(安田哲三), 금전광성(金田光成), 향촌유환(鄕村侑煥), 암천수광(岩川秀光), 명촌제립(明村濟立)"
269,사창,20,10,"권영희(權寧熺), 박종선(朴宗善), 권오영(權五英), 권기수(權耆洙), 권영봉(權寧鳳), 방진성(方鎭星), 권영구(權寧龜), 이치재(李致才), 김경두(金慶斗), 권오집(權五集)"
270,보고,20,15,"김취곤(金聚坤), 임수근(林水根), 임원성(林元星), 이환기(李煥器), 금본원길(金本元吉), 홍태현(洪泰賢), 박경준(朴景俊), 류원식(柳元植), 김병제(金炳濟), 윤인권(尹仁權)"
271,강요,20,17,"이용헌(李容獻), 조기담(趙紀談), 이헌(李憲), 이병익(李炳翼), 김학봉(金學鳳), 탁은상(卓殷相), 홍봉관(洪鳳官), 김은수(金殷壽), 이용규(李龍奎), 조종협(趙鍾協)"
272,간도,20,13,"오영순(吳英淳), 채신묵(蔡信默), 최교진(崔敎鎭), 전홍섭(全洪燮), 김도흠(金道欽), 이태흥(李泰興), 임태순(林泰淳), 유훈상(柳勳相), 전복신(全福臣), 오환묵(吳環默)"
273,수취,20,16,"정병호(鄭炳鎬), 박판종(朴判宗), 양규섭(梁奎涉), 이만기(李萬基), 서순봉(徐淳鳳), 김현일(金顯一), 김명식(金明植), 김운배(金○培), 신공량(申公良), 김민규(金敏奎)"
274,독립선언,20,13,"김백평(金柏枰), 한삼석(韓三石), 주종의(朱鍾宜), 김영조(金榮○), 주동섭(朱東燮), 한창환(韓昌桓), 이도건(李道健), 김탁원(金鐸遠), 이공후(李公厚), 박윤하(朴潤夏)"
275,반포,19,12,"신석찬(申錫燦), 김응집(金應集), 유석우(庾錫祐), 이천진(李天鎭), 이승필(李承필), 전준희(全俊禧), 신상흡(申相翕), 류면희(柳冕熙), 김세룡(金世龍), 박태언(朴泰彦)"
276,사용,19,15,"최두홍(崔斗洪), 김승한(金承翰), 백천관호(白川寬鎬), 고봉학(高鳳鶴), 목원익(睦源益), 김홍규(金洪奎), 안촌효승(安村孝昇), 윤남석(尹南錫), 고산흠장(高山欽藏), 신화수(申華秀)"
277,도모,19,11,"고영희(高永禧), 이규민(李圭敏), 김사철(金四哲), 이화영(李華永), 원병준(元炳埈), 이천봉(李千奉), 신명국(申明國), 백창길(白昌吉), 김득필(金得弼), 김복동(金福同)"
278,가맹,19,9,"김영기(金寧基), 차성수(車性洙), 장창희(張昌熙), 한진교(韓震敎), 이현수(李賢壽), 남진희(南軫熙), 이언망(李彦網), 곽칠용(郭七用), 김창한(金昌漢)"
279,휴대,19,19,"박상규(朴祥奎), 임봉춘(林鳳春), 박규준(朴奎俊), 권인환(權麟煥), 권괴응(權槐應), 안삼선(安三先), 권순(權淳), 박주동(朴柱東), 이종황(李鍾黃), 이학구(李學逑)"
280,기숙사,19,19,"박규준(朴奎俊), 권인환(權麟煥), 권괴응(權槐應), 안삼선(安三先), 권순(權淳), 김우진(金宇鎭), 정진완(鄭鎭琬), 박주동(朴柱東), 이종황(李鍾黃), 성도환(成道煥)"
281,종교,19,13,"해천홍식(海川洪植), 평산영화(平山永和), 최두홍(崔斗洪), 조순범(趙順範), 남세혁(南世爀), 목원익(睦源益), 금전형뢰(金田炯雷), 김혁중(金赫中), 이가병택(李家炳宅), 매촌명섭(梅村明燮)"
282,일이,19,13,"해천홍식(海川洪植), 평산영화(平山永和), 김충숙(金忠淑), 조순범(趙順範), 박팽봉(朴彭鳳), 송일길(宋日吉), 민영무(閔泳武), 신수산(申壽山), 장동환(張東煥), 금전형뢰(金田炯雷)"
283,계속,19,17,"해천홍식(海川洪植), 김진호(金鎭鎬), 평산영화(平山永和), 김원진(金元鎭), 이인영(李寅永), 한진환(韓眞煥), 조순범(趙順範), 김승룡(金承龍), 김영근(金英根), 송원춘기(松原春基)"
284,문제,19,12,"천천홍(天川弘), 김낙구(金樂九), 이명로(李明魯), 최동석(崔東錫), 최상훈(崔相勳), 무곡무남(武谷茂男), 신정화랑(新井和郞), 최두환(崔斗煥), 박하주(朴夏柱), 길전균우(吉田均雨)"
285,암살,19,4,"조만식(趙晩植), 유연원(柳演元), 이준희(李俊熙), 김교상(金敎爽)"
286,조달,19,16,"이승호(李丞浩), 박종욱(朴宗郁), 김형칠(金衡七), 이종만(李鐘萬), 김영기(金榮基), 전도영(全道榮), 유상묵(柳尙默), 장태원(張泰遠), 문상직(文相直), 오기준(吳琪準)"
287,기초,19,15,"김초돌(金初乭), 류영오(柳泳旿), 한승준(韓承俊), 임판석(林判石), 김윤원(金潤元), 나경산(羅景山), 김동우(金東禹), 김성륜(金聖輪), 김인성(金麟聲), 차종협(車鍾協)"
288,회합,19,14,"김진봉(金鎭奉), 김영기(金寧基), 김진순(金鎭淳), 김종만(金鍾滿), 김형준(金炯埈), 오용간(五用干), 이병의(李丙儀), 이언강(李彦綱), 문은종(文殷鍾), 주촌현칙(朱村賢則)"
289,부동,19,17,"변용이(卞龍伊), 김석근(金石根), 배만조(裵萬祚), 김명강(金命康), 이낙용(李樂用), 김명길(金命吉), 박술이(朴述伊), 윤광어리(尹光於里), 김석이(金昔伊), 최성우(崔成祐)"
290,행동,19,14,"최병칠(崔秉七), 윤병소(尹秉昭), 산전우차량(山田祐次良), 전지석(全智석), 유기종(柳冀宗), 이두춘(李斗春), 임덕문(林德文), 김백순(金伯順), 김영진(金瑛鎭), 김병권(金秉權)"
291,도착,19,18,"이창옥(李昌玉), 양동선(梁東璿), 김성수(金性守), 김응주(金應疇), 이최형(李最衡), 김진오(金鎭五), 박내윤(朴來潤), 정운화(鄭雲和), 박경흥(朴慶興), 유근복(劉根馥)"
292,무죄판결,19,17,"최교진(崔敎鎭), 남희수(南羲壽), 박상보(朴相甫), 양주성(梁柱星), 남학구(南學九), 김종헌(金鍾憲), 민창근(閔昌根), 이태흥(李泰興), 한진만(韓鎭萬), 유진환(柳振桓)"
293,고문,19,11,"서인필(徐仁弼), 김창순(金昌順), 김학봉(金學鳳), 이대흥(李大興), 이요습(李要習), 최중경(崔中庚), 임창수(林昌洙), 이보식(李輔植), 신영호(申鍈浩), 김종현(金宗鉉)"
294,용서,19,9,"한홍익(韓鴻翼), 한효삼(韓孝三), 신수복(愼壽福), 차우영수(車又永秀), 이금복(李金福), 유영준(柳榮俊), 최경덕(崔璟德), 최근철(崔根哲), 김희경(金喜庚)"
295,조선공,19,9,"한홍익(韓鴻翼), 한효삼(韓孝三), 신수복(愼壽福), 차우영수(車又永秀), 이금복(李金福), 유영준(柳榮俊), 최경덕(崔璟德), 최근철(崔根哲), 김희경(金喜庚)"
296,위군,18,9,"안성호(安聖鎬), 양재순(梁載淳), 강연(姜沇), 김관회(金寬會), 김현경(金賢敬), 류준석(柳俊錫), 현언동(玄彦東), 윤봉균(尹鳳均), 김수철(金洙喆)"
297,포교,18,18,"해천홍식(海川洪植), 차원익(車元翼), 정용근(鄭龍根), 강영필(姜永弼), 김지협(金知協), 안장손(安長孫), 조순범(趙順範), 평산영화(平山永和), 박경조(朴景祚), 이구락(李龜洛)"
298,상고,18,14,"장선봉(張仙鳳), 이석명(李錫明), 강응렬(姜應烈), 장규황(張奎○), 최미형(崔미亨), 변정룡(邊珽龍), 여화섭(呂華燮), 김낙승(金洛昇), 김윤하(金允河), 최성득(崔聖得)"
299,의견,18,18,"박경룡(朴京龍), 전중기성(田中起成), 안교헌(安敎憲), 강필구(姜弼求), 차봉남(車鳳南), 서벽환(徐壁煥), 김인권(金仁權), 김천권(金天權), 원찬숙(元贊淑), 송강헌중(松岡憲重)"
300,국내,18,18,"최형욱(崔衡郁), 이동호(李東湖), 김동식(金東湜), 석인욱(石麟郁), 석인제(石麟濟), 임정발(林正發), 김인서(金麟瑞), 최창악(崔昌岳), 최붕남(崔鵬南), 이무달(李務達)"
301,군사,18,10,"김창숙(金昌淑), 목자동화(木子東華), 상원천중(上原川重), 산전종유(山田鍾有), 산전영순(山田榮淳), 산본명근(山本命根), 이기영(李基榮), 안전병기(安田炳耆), 대산인효(大山仁孝), 고목승(高木昇)"
302,유포,18,14,"차원익(車元翼), 진석린(陳錫麟), 이촌상덕(伊村商德), 김제(金濟), 안장손(安長孫), 금릉수웅(金陵秀雄), 박경조(朴景祚), 유형구(柳亨九), 광전정남(光田政男), 안전병기(安田炳耆)"
303,김일성,18,12,"신정인종(新井仁鍾), 금촌용규(金村容圭), 중천준석(中川濬晳), 송본헌식(松本憲植), 송원일수(松原一秀), 이시중(李時重), 산강용범(山岡龍範), 홍원종철(洪原鍾哲), 송강성문(松岡聖文), 금해길준(金海吉俊)"
304,가마,18,18,"유상규(柳尙奎), 장남규(張南奎), 고연홍(高蓮紅), 윤혈녀(尹血女), 김성민(金聖敏), 김양순(金良順), 김석현(金碩鉉), 홍순남(洪順男), 최경애(崔敬愛), 정몽석(丁奉錫)"
305,살포,18,14,"고영규(高營奎), 김규응(金圭鷹), 김봉기(金奉琪), 이재연(李載淵), 최중경(崔中庚), 이삼희(李三喜), 류봉기(柳奉基), 이창업(李昌業), 서석규(徐錫圭), 류두엽(柳斗燁)"
306,하나,18,16,"김석진(金錫振), 윤자학(尹滋學), 박찬성(朴燦星), 최교진(崔敎鎭), 남희수(南羲壽), 황학선(黃鶴善), 남학구(南學九), 한규원(韓圭源), 이태흥(李泰興), 암본용현(岩本勇賢)"
307,생각,18,13,"이석명(李錫明), 김충숙(金忠淑), 박팽봉(朴彭鳳), 유원남(兪元男), 민영무(閔泳武), 신수산(申壽山), 파산경상(巴山景祥), 최재륜(崔在崙), 이한성(李漢聖), 류종구(柳宗九)"
308,대한,18,15,"주종의(朱鍾宜), 이남석(李南石), 인시봉(印時鳳), 덕산실(德山實), 이공후(李公厚), 최영효(崔永孝), 이구덕(李九德), 유남식(劉南植), 임덕문(林德文), 이인섭(李璘燮)"
309,로써,18,13,"평소상선(平沼相瑄), 송환순(宋煥淳), 안영근(安永根), 유상묵(柳尙默), 장태원(張泰遠), 용본춘영(龍本春榮), 문상직(文相直), 윤탁진(尹鐸振), 김용원(金容元), 박제영(朴濟英)"
310,보통학교,18,15,"김관하(金寬河), 이동욱(李東昱), 조영근(曺永根), 박만영(朴萬寧), 정학순(鄭學順), 노수천(魯壽天), 김진기(金鎭淇), 김민규(金敏奎), 신순근(申順根), 이광천(李光天)"
311,선두,18,16,"김원벽(金元壁), 최복석(崔復錫), 홍병복(洪秉福), 김업성(金業成), 윤병소(尹秉昭), 차언복(車彦福), 김대성(金大成), 이태학(金永瑞), 윤영규(尹寧圭), 박홍천(朴洪天)"
312,송산면,18,6,"홍준옥(洪埈玉), 임팔용(林八龍), 김명제(金命濟), 민용운(閔龍雲), 박춘흥(朴春興), 홍면(洪冕)"
313,일경,18,6,"홍준옥(洪埈玉), 임팔용(林八龍), 김명제(金命濟), 민용운(閔龍雲), 박춘흥(朴春興), 홍면(洪冕)"
314,요지,18,9,"한남수(韓南洙), 유태응(劉泰應), 이춘균(李春均), 최상덕(崔上德), 한창환(韓昌桓), 김사국(金思國), 전옥결(全玉결), 안상덕(安商德), 윤이병(尹履炳)"
315,행정명령,18,9,"한남수(韓南洙), 유태응(劉泰應), 이춘균(李春均), 최상덕(崔上德), 한창환(韓昌桓), 김사국(金思國), 전옥결(全玉결), 안상덕(安商德), 윤이병(尹履炳)"
316,문헌,18,9,"한남수(韓南洙), 유태응(劉泰應), 이춘균(李春均), 최상덕(崔上德), 한창환(韓昌桓), 김사국(金思國), 전옥결(全玉결), 안상덕(安商德), 윤이병(尹履炳)"
317,장안,18,6,"김황운(金黃雲), 김현묵(金賢默), 정서성(鄭瑞聖), 이영쇠(李永釗), 장제덕(張濟悳), 김여근(金汝根)"
318,점거,18,6,"김황운(金黃雲), 김현묵(金賢默), 정서성(鄭瑞聖), 이영쇠(李永釗), 장제덕(張濟悳), 김여근(金汝根)"
319,선전,18,9,"이상윤(李相潤), 정효룡(鄭孝龍), 김현모(金睍模), 최풍렬(崔豊烈), 한영윤(韓永允), 이갑섭(李甲燮), 김태순(金兌淳), 한태련(韓泰連), 손규철(孫奎哲)"
320,소요,18,9,"이채연(李采然), 안교은(安敎殷), 차용복(車用輻), 한계성(韓繼聖), 우인수(禹寅洙), 남정민(南廷敏), 김필봉(金弼鳳), 채규희(蔡奎熙), 이종욱(李宗郁)"
321,강탈,17,7,"오환묵(吳環默), 권충락(權忠洛), 강극모(姜克模), 유택수(柳澤秀), 허윤섭(許允燮), 박노동(朴魯東), 강기진(姜基珍)"
322,기와,17,11,"전진극(全鎭極), 유점선(劉点善), 이양직(李亮稙), 강성원(姜聖源), 장명식(張明植), 김윤덕(金潤德), 윤영호(尹永浩), 서상철(徐相喆), 양석룡(梁錫龍), 오충달(吳忠達)"
323,폭탄,17,12,"강원영민(江原永敏), 이언성(李彦成), 김상순(金尙順), 문상직(文相直), 파산경상(巴山景祥), 김상혁(金相赫), 고산흠장(高山欽藏), 윤기현(尹基鉉), 황옥(黃鈺), 상산병하(常山炳夏)"
324,군산,17,9,"이진규(李眞圭), 이도준(李道俊), 양기철(梁基哲), 강전병진(姜田炳辰), 임병률(林秉律), 이두열(李斗悅), 김준실(金俊實), 김영후(金永厚), 전세종(田世鍾)"
325,기재,17,11,"홍인표(洪仁杓), 국본충의(國本忠義), 송일길(宋日吉), 공흥문(孔興文), 김만유(金萬有), 박경흥(朴慶興), 김호준(金鎬俊), 양재순(梁在順), 이재록(李在祿), 윤인중(尹寅重)"
326,조선총독,17,12,"익전정구(益田廷球), 금전수평(金田守平), 동천광진(東川光辰), 차상진(車相晋), 유돌기(柳乭基), 오태영(吳泰泳), 심응주(沈應宙), 김만남(金萬南), 지산수암(芝山秀巖), 백낙주(白樂柱)"
327,입교,17,16,"최선기(崔善基), 박경래(朴京來), 평산영화(平山永和), 박양근(朴亮根), 송영섭(宋寧燮), 유근성(柳根成), 전봉진(全鳳進), 조순범(趙順範), 해천홍식(海川洪植), 안용익(安鎔翼)"
328,첨부,17,16,"오용진(吳龍辰), 유인경(柳寅景), 김경렬(金璟烈), 박나영(朴羅英), 김치수(金致壽), 김영운(金泳運), 임두췌(林斗膵), 송재옥(宋在玉), 이백룡(李白龍), 황성진(黃成진)"
329,동면,17,10,"김성련(金成鍊), 허영준(許英俊), 김익련(金益鍊), 류선태(柳先泰), 허을(許○), 이열성(李烈性), 이학순(李鶴순), 이학년(李鶴年), 김달순(金達淳), 안용순(安龍淳)"
330,원조,17,9,"이필화(李苾和), 남상정(南相禎), 김병우(金炳祐), 성본현서(城本賢書), 삼본준호(三本濬鎬), 최일만(崔壹萬), 김동목(金東穆), 행산원흥(幸山源興), 조기홍(趙琪洪)"
331,저술,17,8,"박학송(朴鶴松), 전형균(全衡均), 정기환(鄭箕桓), 서학준(徐學俊), 박봉순(朴奉順), 최석순(崔錫筍), 전창록(全昌錄), 김백용(金百用)"
332,민가,17,9,"박필주(朴弼周), 김효준(金孝俊), 김창순(金昌順), 서인필(徐仁弼), 김응관(金應寬), 유인석(柳寅錫), 한일수(韓一洙), 김선복(金善福), 김석로(金錫魯)"
333,북면,17,10,"장귀남(張貴男), 김영록(金榮祿), 이만석(李萬錫), 최기홍(崔基弘), 정성교(鄭聖敎), 장호형(張浩享), 정흥룡(鄭興龍), 박성백(朴成伯), 유동환(柳東煥), 이도봉(李道奉)"
334,출장소,17,12,"박재엽(朴在曄), 이동홍(李東洪), 조원룡(趙元龍), 김제원(金濟元), 문덕상(文德相), 박홍빈(朴弘彬), 문무상(文武祥), 이종봉(李宗鳳), 신근수(申根秀), 염우익(廉愚益)"
335,지시,17,10,"위치곤(韋致坤), 나성호(羅聖鎬), 한동욱(韓東郁), 이재하(李載夏), 최필주(崔弼柱), 장명준(張命俊), 심재덕(沈在德), 김준수(金駿秀), 김희균(金熙均), 정희용(鄭熙鎔)"
336,참례,17,9,"채애요라(蔡愛堯羅), 송득한(宋得한), 안영극(安英極), 홍원섭(洪轅燮), 김찬흥(金燦興), 서기풍(徐基풍), 이영순(李泳舜), 장도성(張道成), 이경석(李璟錫)"
337,남산,17,9,"채애요라(蔡愛堯羅), 송득한(宋得한), 안영극(安英極), 홍원섭(洪轅燮), 김찬흥(金燦興), 서기풍(徐基풍), 송종대(宋鍾大), 이영순(李泳舜), 장도성(張道成)"
338,국체,17,14,"황하룡(黃河龍), 대산주상(大山胄相), 임양려(林良麗), 진종완(陳宗琓), 풍전수홍(豊田修弘), 유천태진(柳川太璡), 방산용모(方山容模), 화산영주(華山永周), 산본병희(山本秉喜), 이우성(李愚誠)"
339,소비에트,17,7,"박원지(朴源志), 김환기(金桓璂), 차태준(車泰俊), 김호배(金琥培), 하상대(河相大), 조삼수(趙三壽), 송기호(宋畿鎬)"
340,각각,16,14,"길한동(吉漢東), 박호군(朴好君), 심상욱(沈相昱), 이한용(李漢容), 김응집(金應集), 이병철(李秉澈), 이약한(李約翰), 최석(崔錫), 이동안(李同安), 한인백(韓寅伯)"
341,애국,16,12,"박재수(朴在洙), 박충권(朴忠權), 정석룡(鄭錫龍), 평송수일(平松洙鎰), 길포의풍(吉浦義豊), 윤남석(尹南錫), 정희동(鄭喜童), 경산점순(慶山点順), 마춘성(馬春成), 산본기종(山本基鍾)"
342,횡행,16,16,"김동현(金東炫), 안종화(安鍾和), 남흥성(南興成), 조보근(趙補根), 김정식(金貞植), 김정의(金正義), 김흔(金昕), 한종석(韓宗錫), 박종림(朴宗林), 심적룡(沈赤龍)"
343,검거,16,9,"고제몽(高濟夢), 문학연(文學淵), 김한영(金翰永), 구연준(具然濬), 최상을(崔詳을), 김영희(金永禧), 조봉암(曹奉岩), 김용대(金容大), 전진현(全軫鉉)"
344,전달,16,14,"김봉림(金鳳林), 안정업(安定業), 위치곤(韋致坤), 고창국(高昌國), 한명길(韓明吉), 고탁순(高鐸淳), 고진수(高鎭洙), 고한국(高翰國), 임용하(林容夏), 권명주(權明周)"
345,안동,16,15,"김원진(金元鎭), 박항택(朴恒澤), 이남하(李南夏), 이필(李필), 이두춘(李斗春), 이점백(李點伯), 권익환(權益煥), 김종진(金鍾鎭), 권중택(權重澤), 김익근(金益根)"
346,독립시,16,13,"박운업(朴雲業), 노동산(盧東山), 안종익(安鍾翊), 옥천홍섭(玉川弘燮), 이가규헌(李家圭憲), 박창실(朴昌實), 박성욱(朴性煜), 방달홍(方達泓), 중천원조(中川原助), 주본정부(朱本正夫)"
347,귀가,16,9,"이일하(李日河), 권담(權澹), 유병관(劉秉寬), 이교필(李敎필), 조정상(趙丁象), 민광식(閔光植), 최성득(崔聖得), 추성렬(秋成烈), 김정삼(金鼎三)"
348,인솔,16,11,"윤병소(尹秉昭), 권영대(權寧大), 권대완(權大完), 김계준(金桂俊), 김영종(金永鍾), 박성철(朴性哲), 이인봉(李仁鳳), 김병권(金秉權), 홍종황(洪鍾煌), 이봉문(李奉文)"
349,평남,16,10,"이정순(李貞淳), 안두종(安斗鍾), 차신익(車信益), 김계남(金桂南), 한계성(韓繼聖), 우인수(禹寅洙), 차행겸(車行鎌), 이근섭(李根燮), 김태명(金泰明), 이인환(李仁煥)"
350,세포,16,16,"임동원(林東元), 김정환(金正煥), 황일보(黃一甫), 김규극(金奎極), 송산우(宋山雨), 김홍계(金洪桂), 방훈(方薰), 정인석(鄭寅晳), 박재하(朴載廈), 현칠종(玄七鍾)"
351,청년,16,10,"김중문(金重文), 유재기(劉載奇), 이필(李필), 김극선(金極璿), 송언필(宋彦弼), 김명준(金明濬), 문창수(文昌洙), 김찬순(金燦淳), 박영운(朴永運), 김조규(金助圭)"
352,보관,16,5,"이학근(李學根), 정찬도(鄭燦道), 이금석(李錦錫), 홍종우(洪鍾祐), 김기욱(金基彧)"
353,구화,16,14,"한방구(韓方九), 이봉재(李鳳在), 박태식(朴泰植), 백대윤(白大潤), 김낙형(金洛衡), 이상길(李相吉), 시전건조(柴田健助), 윤장혁(尹章赫), 장원수(張元秀), 장종환(張鍾煥)"
354,동맹회,16,14,"한방구(韓方九), 이봉재(李鳳在), 박태식(朴泰植), 백대윤(白大潤), 김낙형(金洛衡), 이상길(李相吉), 시전건조(柴田健助), 윤장혁(尹章赫), 장원수(張元秀), 장종환(張鍾煥)"
355,문명,16,8,"장세급(張世급), 이진익(李璡翼), 주중건(朱重建), 김이범(金李範), 박인진(朴寅鎭), 주의락(朱義洛), 김덕모(金德模), 주관헌(朱寬憲)"
356,혜성,16,4,"이영옥(李榮玉), 이명건(李命鍵), 김수길(金壽吉), 이수건(李壽鍵)"
357,장앞,16,4,"이영옥(李榮玉), 이명건(李命鍵), 김수길(金壽吉), 이수건(李壽鍵)"
358,성진군,16,7,"류훈상(柳勳相), 이화선(李化善), 이규용(李奎鎔), 유진환(柳振桓), 김수용(金秀瑢), 유홍조(柳弘祚), 유명식(劉命寔)"
359,개성,16,10,"이형순(李亨淳), 이만석(李萬錫), 박치대(朴致玳), 임병구(林炳九), 장승화(張承和), 김순흥(金順興), 유기윤(柳冀允), 유흥준(兪興濬), 이종익(李種益), 장태수(張台秀)"
360,영명,16,8,"이진규(李眞圭), 이도준(李道俊), 양기철(梁基哲), 임병률(林秉律), 이두열(李斗悅), 김준실(金俊實), 김영후(金永厚), 전세종(田世鍾)"
361,투석,16,10,"박범룡(朴範龍), 박계갑(朴桂甲), 장문섭(張文燮), 김은호(金殷鎬), 유영창(柳永昌), 이금봉(李今奉), 조기시(曺奇矢), 한경복(韓景福), 윤희용(尹喜用), 조성행(趙聖行)"
362,자유,16,11,"김희주(金禧柱), 김한주(金漢周), 신주학(申周學), 전경석(全景錫), 차영수(車永秀), 유연화(柳淵和), 윤가현(尹珂鉉), 허득수(許得壽), 최경학(崔敬鶴), 박택렬(朴澤烈)"
363,감리교회,16,8,"채애요라(蔡愛堯羅), 송득한(宋得한), 안영극(安英極), 홍원섭(洪轅燮), 김찬흥(金燦興), 서기풍(徐基풍), 이영순(李泳舜), 장도성(張道成)"
364,민족주의,16,14,"해기석(解基錫), 송본종근(宋本琮根), 송종근(宋鍾根), 벽도여래(碧島礪來), 이홍채(李鴻采), 덕산실(德山實), 박우홍(朴禹弘), 상원천중(上原川重), 산전종유(山田鍾有), 산전영순(山田榮淳)"
365,정무총감,16,2,"조만식(趙晩植), 유연원(柳演元)"
366,시경,15,15,"유완진(柳完鎭), 최요한라(崔堯漢羅), 강경화(姜敬化), 황쾌동(黃快童), 임영신(任永信), 김공순(金恭順), 김순실(金淳實), 김한룡(金漢龍), 김재흥(金在興), 송순이(宋順怡)"
367,이용,15,15,"정동찬(丁銅燦), 강경화(姜敬化), 이상발(李尙撥), 이승로(李承魯), 김흥주(金興周), 김상이(金尙伊), 김흥지(金興至), 배세동(裵世동), 영신행(榮信行), 이금봉(李今奉)"
368,모닥불,15,10,"박원칠(朴元七), 유천식(兪天植), 강복개(姜福介), 김양순(金良順), 임희수(林嬉洙), 이창균(李昌均), 이상균(李相均), 한연순(韓連順), 김복희(金福姬), 박진화(朴秦和)"
369,신자,15,9,"김상봉(金相鳳), 박운업(朴雲業), 신종범(愼宗範), 이만기(李萬基), 김한욱(金漢郁), 조열환(曺烈煥), 강본승하(岡本承河), 김기운(金基云), 이해운(李海雲)"
370,거행,15,14,"황하룡(黃河龍), 김수언(金守彦), 이상혁(李商爀), 김기연(金璣淵), 이주의(李注儀), 이회열(李會烈), 이영화(李永華), 이기송(李起松), 강용상(康龍祥), 이기우(李起우)"
371,질서,15,15,"이경찬(李京燦), 최상돈(崔相敦), 이서규(李瑞珪), 양삼돌(梁三乭), 이흥록(李興錄), 이진선(李鎭善), 이사균(李士均), 이영직(李泳稙), 이학복(李鶴馥), 최붕학(崔鵬학)"
372,동부,15,15,"정태화(鄭泰和), 윤기성(尹基誠), 이시영(李時英), 김윤덕(金潤德), 한창달(韓昌達), 손홍길(孫洪吉), 박병원(朴炳元), 손덕기(孫悳基), 박준영(朴俊榮), 김승제(金承濟)"
373,대서,15,15,"고산홍석(高山洪錫), 정태화(鄭泰和), 윤기성(尹基誠), 한창달(韓昌達), 손홍길(孫洪吉), 박병원(朴炳元), 신농신홍(神農信洪), 윤영호(尹永浩), 박준영(朴俊榮), 김승제(金承濟)"
374,각자,15,13,"권점동(權点同), 김명출(金明出), 문원홍(文原洪), 조보근(趙補根), 염현두(廉鉉斗), 박주욱(朴宙郁), 구남회(具南會), 김두영(金杜榮), 김형기(金炯璣), 박상준(朴尙俊)"
375,내의,15,12,"정구철(鄭求喆), 장래주(張來周), 정금동(丁今同), 정금동(丁金同), 장홍해(張鴻海), 강일(姜鎰), 영신행(榮信行), 손기현(孫淇鉉), 임동건(林東乾), 김양수(金瀁秀)"
376,면내,15,8,"이봉삼(李逢三), 남세혁(南世爀), 강천성(康天成), 이영수(李永秀), 이흥규(李興圭), 김병권(金秉權), 이봉문(李奉文), 임수성(林秀成)"
377,위기,15,15,"박경룡(朴京龍), 김용병(金瑢炳), 안교헌(安敎憲), 강필구(姜弼求), 차봉남(車鳳南), 서벽환(徐壁煥), 김인권(金仁權), 김천권(金天權), 원찬숙(元贊淑), 박성관(朴成寬)"
378,대표자,15,8,"김원벽(金元壁), 나인협(羅寅協), 김용구(金容九), 한남수(韓南洙), 여운형(呂暈亨), 김석조(金錫祚), 차상진(車相晋), 고광하(高光夏)"
379,태극,15,10,"차원익(車元翼), 고병률(高炳律), 안장손(安長孫), 류형남(柳亨南), 최익한(崔翼漢), 박경조(朴景祚), 이종철(李鍾喆), 유형구(柳亨九), 류형호(柳亨浩), 양병효(梁秉孝)"
380,승인,15,14,"김창숙(金昌淑), 정기영(鄭琪榮), 이달주(李達周), 신상우(申相雨), 나병일(羅秉一), 유병관(劉秉寬), 신국홍(申國洪), 정병모(鄭丙謨), 이진식(李鎭植), 김덕진(金德鎭)"
381,조합,15,11,"고영희(高永禧), 박호철(朴鎬哲), 이두춘(李斗春), 손봉호(孫鳳鎬), 조신녀(趙信女), 임종대(林鍾大), 최수봉(崔秀峰), 조성철(趙誠哲), 김영만(金永萬), 손망익(孫望翼)"
382,국제,15,9,"공성회(孔成檜), 이재필(李才必), 김순진(金舜鎭), 유축운(柳丑運), 박진홍(朴鎭洪), 김종관(金鍾관), 이순금(李順今), 공원회(孔元檜), 김기용(金基用)"
383,실행,15,12,"공성회(孔成檜), 김순진(金舜鎭), 안전궁홍(安田弓弘), 석동준(石東俊), 석천창서(石川昌瑞), 주남태(周南泰), 박진홍(朴鎭洪), 이창기(李昌基), 차경곤(車敬坤), 이순금(李順今)"
384,정상,15,15,"이병철(李丙哲), 허우빈(許禹彬), 허희(許曦), 김팔수(金八洙), 금곡수수(金谷秀樹), 김종환(金宗煥), 정의양(鄭宜陽), 허기봉(許基鳳), 심점봉(沈点奉), 성태현(成泰鉉)"
385,허위,15,9,"이필화(李苾和), 장선봉(張仙鳳), 장규황(張奎○), 이촌상덕(伊村商德), 금본원길(金本元吉), 금릉수웅(金陵秀雄), 이필동(李弼東), 김동목(金東穆), 광전정남(光田政男)"
386,개시,15,15,"김순천(金順天), 임기정(林基正), 송환순(宋煥淳), 장삼채(張三菜), 이천탁(李天鐸), 김명려(金明麗), 김길호(金吉鎬), 이구락(李龜洛), 정내성(丁來聖), 정경인(定璟仁)"
387,노래,15,11,"변길성(卞吉成), 권철(權鐵), 이금석(李錦錫), 김판경(金判慶), 정홍모(鄭鴻謨), 김상혁(金相赫), 송창근(宋昌根), 요영국(姚永國), 김원근(金瑗根), 윤유암(尹有岩)"
388,노상,15,14,"평소상권(平沼相權), 양규섭(梁奎涉), 김서룡(金瑞龍), 김의선(金義璇), 호찬용(胡粲鏞), 배원수(裵元守), 이태형(李台炯), 심종강(沈鍾강), 유근복(劉根馥), 조아당(趙亞當)"
389,교정,15,15,"노순석(魯順錫), 조영근(曺永根), 전지석(全智석), 김창순(金昌順), 김학봉(金學鳳), 정영업(鄭永業), 정인성(鄭寅成), 노수천(魯壽天), 김길호(金吉浩), 이광천(李光天)"
390,총기,15,3,"이주득(李周得), 김도원(金道源), 김도학(金道學)"
391,의무,15,11,"조천희(趙天熙), 이헌(李憲), 정명주(鄭命周), 한인걸(韓寅傑), 김성신(金成信), 김도흠(金道欽), 조기담(趙紀談), 김효관(金孝寬), 유훈상(柳勳相), 김응률(金應律)"
392,게양,15,14,"김종하(金宗河), 홍종훈(洪鍾勳), 김석만(金錫萬), 김정태(金廷泰), 이승덕(李承德), 이시곤(李時坤), 이인규(李麟珪), 조율이(曺율伊), 김호용(金浩溶), 최재륜(崔在崙)"
393,작성,15,14,"이대흥(李大興), 이상혁(李商爀), 이정철(李正哲), 최술근(最述勤), 양경천(梁京千), 김현균(金玄均), 류봉기(柳奉基), 김안식(金安植), 오기열(吳基烈), 류두엽(柳斗燁)"
394,기독교,15,11,"노순석(魯順錫), 김진봉(金鎭奉), 윤학조(尹學祚), 대강룡지조(大江龍之助), 동우실(董祐實), 김종만(金鍾滿), 김진순(金鎭淳), 오용간(五用干), 정원태철(井原泰哲), 이준업(李俊業)"
395,의문,15,5,"황태성(黃泰成), 채홍인(蔡鴻仁), 정기환(鄭箕桓), 이규몽(李圭蒙), 김백옥(金白玉)"
396,통행,15,8,"이규민(李圭敏), 김사철(金四哲), 원병준(元炳埈), 이천봉(李千奉), 신명국(申明國), 백창길(白昌吉), 김복동(金福同), 신봉두(申奉斗)"
397,유인,15,5,"최세화(崔世和), 김이원(金利源), 송영보(宋永甫), 김상려(金尙礪), 김용근(金龍根)"
398,주괘주,15,5,"최세화(崔世和), 김이원(金利源), 송영보(宋永甫), 김상려(金尙礪), 김용근(金龍根)"
399,수진,15,5,"최세화(崔世和), 김이원(金利源), 송영보(宋永甫), 김상려(金尙礪), 김용근(金龍根)"
400,교회,15,11,"주종의(朱鍾宜), 김학봉(金學鳳), 김원휘(金原輝), 이공후(李公厚), 전정석(全廷奭), 윤규호(尹圭祜), 조응선(趙應先), 조기철(曺基哲), 박태언(朴泰彦), 김선환(金善煥)"
401,호창,15,13,"이채연(李采然), 최은영(崔殷永), 조병희(趙炳熙), 주성민(朱聖敏), 김성신(金成信), 이한춘(李漢春), 최석룡(崔碩龍), 윤영호(尹永浩), 최인수(崔仁洙), 김정삼(金鼎三)"
402,가정부,15,8,"이대정(李大鼎), 김연상(金演相), 유창목(兪昌穆), 이현수(李賢壽), 김청풍(金淸風), 박희숙(朴熙淑), 문남용(文南用), 김치은(金致殷)"
403,태을교,15,14,"이용하(李容河), 이계림(李桂林), 최두홍(崔斗洪), 한진환(韓眞煥), 이해운(李海雲), 김영근(金英根), 목원익(睦源益), 김유호(金維鎬), 지명한(池明漢), 김혁중(金赫中)"
404,공채,15,8,"이영휘(李英輝), 김영호(金永祜), 김영찬(金永燦), 박창원(朴昌元), 이영훈(李榮薰), 황신국(黃信國), 오근영(吳根榮), 김욱이(金郁伊)"
405,국민,15,10,"김응집(金應集), 홍진범(洪鎭範), 전경석(全景錫), 유연화(柳淵和), 함희성(咸熙晟), 송세원(宋世源), 변창대(邊昌大), 오형선(吳瀅善), 조상련(曺相連), 손경호(孫庚虎)"
406,주년,15,8,"장병준(張炳俊), 이재필(李才必), 한동석(韓銅錫), 이현열(李顯烈), 이동욱(李東旭), 김종관(金鍾관), 김천령(金天寧), 이초생(李初生)"
407,외교,15,7,"안우선(安祐璿), 이병철(李秉澈), 라창헌(羅昌憲), 이종욱(李鍾郁), 정락윤(鄭樂倫), 민태원(閔泰瑗), 김태규(金泰珪)"
408,스트라이크,15,5,"박원지(朴源志), 김환기(金桓璂), 김호배(金琥培), 조삼수(趙三壽), 송기호(宋畿鎬)"
409,사수,15,5,"박원지(朴源志), 김환기(金桓璂), 김호배(金琥培), 조삼수(趙三壽), 송기호(宋畿鎬)"
410,선도,15,15,"박봉준(朴鳳濬), 신만순(申萬淳), 이원유(李元有), 정군칠(鄭君七), 송신관(宋信官), 박시훈(朴時薰), 송남섭(宋南燮), 안병철(安秉喆), 박관식(朴寬植), 이형봉(李亨鳳)"
411,단천,15,5,"최명남(崔明南), 이기남(李基南), 최명철(崔明喆), 정희수(鄭禧洙), 정석화(鄭錫和)"
412,곤봉,15,5,"최명남(崔明南), 이기남(李基南), 최명철(崔明喆), 정희수(鄭禧洙), 정석화(鄭錫和)"
413,제목,14,8,"권철(權鐵), 전낙규(全洛奎), 이춘균(李春均), 유석우(庾錫祐), 전준희(全俊禧), 요영국(姚永國), 김세룡(金世龍), 강선필(姜善弼)"
414,공모,14,13,"김수언(金守彦), 권희준(權羲俊), 서진(徐震), 송창근(宋昌根), 이양근(李良根), 김우약(金禹若), 민영조(閔泳朝), 김봉술(金鳳述), 민윤식(閔胤植), 김봉화(金鳳化)"
415,제국,14,9,"방재선(方在先), 강원영민(江原永敏), 김태환(金泰煥), 유봉춘(兪鳳春), 옥강형근(玉岡炯根), 송천영은(松川永垠), 민태원(閔泰瑗), 방강실(芳岡實), 죽천태한(竹川泰漢)"
416,백매,14,8,"서순봉(徐淳鳳), 김현일(金顯一), 김명식(金明植), 김용희(金用熙), 강일영(姜日永), 김영식(金英植), 윤원삼(尹愿三), 최병훈(崔炳薰)"
417,청림,14,10,"진석린(陳錫麟), 김지협(金知協), 김제(金濟), 이조승(李潮承), 강학인(姜學仁), 방달홍(方達泓), 김병훈(金秉勳), 조석홍(曺錫洪), 조하승(曺河承), 이주성(李周性)"
418,전쟁,14,9,"신종범(愼宗範), 주정식(朱廷植), 송산국광(松山國光), 이판길(李判吉), 경산점순(慶山点順), 산본기웅(山本起雄), 문평경호(文平京浩), 궁본배악(宮本培岳), 한동석(韓銅錫)"
419,학회,14,14,"신정인종(新井仁鍾), 중천준석(中川濬晳), 송본헌식(松本憲植), 송원일수(松原一秀), 손봉호(孫鳳鎬), 산강용범(山岡龍範), 홍원종철(洪原鍾哲), 금해길준(金海吉俊), 송강성문(松岡聖文), 최수봉(崔秀峰)"
420,물자,14,7,"청목민수(靑木敏洙), 금광성항(金光成恒), 오건영(吳建泳), 신정종범(新井鍾範), 곡산영덕(谷山永德), 무성복렬(武城福烈), 장수의영(長水義瑛)"
421,폭파,14,5,"이학근(李學根), 정찬도(鄭燦道), 공연규(孔연圭), 김기욱(金基彧), 김익배(金益培)"
422,재림,14,14,"정목일명(正木日明), 추산채준(秋山採準), 광전내룡(廣田乃龍), 대산재숙(大山在淑), 박원승주(朴原昇柱), 유원상(柳源相), 대림종순(大林宗順), 기죽양원(磯竹陽元), 춘산득춘(春山得春), 이천기표(利川錤標)"
423,전이,14,14,"정목일명(正木日明), 추산채준(秋山採準), 광전내룡(廣田乃龍), 대산재숙(大山在淑), 박원승주(朴原昇柱), 유원상(柳源相), 대림종순(大林宗順), 기죽양원(磯竹陽元), 춘산득춘(春山得春), 이천기표(利川錤標)"
424,조리,14,14,"정목일명(正木日明), 추산채준(秋山採準), 광전내룡(廣田乃龍), 대산재숙(大山在淑), 박원승주(朴原昇柱), 유원상(柳源相), 대림종순(大林宗順), 기죽양원(磯竹陽元), 춘산득춘(春山得春), 이천기표(利川錤標)"
425,그룹,14,14,"여운철(呂運徹), 박호철(朴鎬哲), 박항택(朴恒澤), 평소명의(平沼命儀), 덕본광의(德本光毅), 이두춘(李斗春), 이점백(李點伯), 허재선(許在先), 권익환(權益煥), 김종진(金鍾鎭)"
426,교실,14,9,"익전정구(益田廷球), 박제범(朴齊範), 금전수평(金田守平), 김희룡(金希龍), 조영섭(曹永涉), 동천광진(東川光辰), 김창현(金昌玄), 송병천(宋秉天), 송상옥(宋尙玉)"
427,일로,14,8,"최진해(崔鎭海), 윤예근(尹禮根), 김준(金濬), 평송수일(平松洙鎰), 길포의풍(吉浦義豊), 문창호(文昌浩), 피도준(皮道俊), 윤일룡(尹一龍)"
428,도중,14,12,"김좌국(金佐國), 양경천(梁京千), 김현균(金玄均), 김흥봉(金興鳳), 김안식(金安植), 복정정일(福井正一), 김경두(金璟斗), 이양근(李良根), 전진현(全軫鉉), 김현상(金炫庠)"
429,준비,14,14,"정효룡(鄭孝龍), 안규진(安圭晉), 김칠종(金七鍾), 정진완(鄭鎭琬), 김진기(金鎭淇), 석병길(石丙吉), 이종세(李種世), 김기태(金基泰), 정규원(鄭奎原), 김국경(金國經)"
430,노동,14,12,"허재환(許在煥), 김부득(金富○), 신주학(申周學), 이재필(李才必), 김규복(金圭福), 송언필(宋彦弼), 허득수(許得壽), 지영렬(池英烈), 어수갑(魚秀甲), 김치수(金治洙)"
431,거사,14,13,"윤백인(尹伯仁), 김병우(金炳祐), 양동훈(梁東勳), 양경천(梁京千), 김현균(金玄均), 김규수(金奎秀), 김안식(金安植), 박복구(朴福九), 박천홍(朴天洪), 김현태(金鉉泰)"
432,거주지,14,13,"김인택(金仁澤), 이안득(李安得), 최상돈(崔相敦), 김영운(金泳運), 김종환(金宗煥), 이현순(李賢淳), 정의양(鄭宜陽), 한연순(韓連順), 윤낙중(尹樂重), 최숙석(崔叔石)"
433,전신,14,2,"이주득(李周得), 김도학(金道學)"
434,군내,14,10,"유인경(柳寅景), 서순봉(徐淳鳳), 김용완(金溶玩), 김명식(金明植), 김현일(金顯一), 김재식(金在植), 이재화(李載和), 김창배(金昌培), 최병훈(崔炳薰), 김선양(金善養)"
435,노동조합,14,13,"박승호(朴勝瑚), 이봉길(李奉吉), 신일용(辛日鎔), 안종익(安鍾翊), 박만춘(朴萬春), 김명식(金明植), 김병창(金秉昌), 조홍기(趙鴻基), 지영렬(池英烈), 김치수(金治洙)"
436,출금,14,8,"김학봉(金學鳳), 이호(李虎), 김환(金桓), 최재홍(崔載弘), 김연중(金演重), 황신국(黃信國), 손순봉(孫順鳳), 김현석(金鉉奭)"
437,거듭,14,5,"김영기(金寧基), 차성수(車性洙), 장창희(張昌熙), 남진희(南軫熙), 이언망(李彦網)"
438,타인,14,8,"이영휘(李英輝), 최욱(崔昱), 박창원(朴昌元), 이영훈(李榮薰), 김정구(金鼎九), 이범인(李範仁), 김정국(金丁國), 노춘만(盧春萬)"
439,탈취,14,6,"박재엽(朴在曄), 이동홍(李東洪), 최욱(崔昱), 임태순(林泰淳), 설운룡(薛雲龍), 이해붕(李海鵬)"
440,형무소,13,13,"조두원(趙斗元), 박봉연(朴鳳然), 이기봉(李奇鳳), 김응기(金應基), 장용석(張龍石), 강귀주(姜貴柱), 정우상(鄭遇尙), 나종극(羅鍾克), 김병일(金炳一), 윤택근(尹澤根)"
441,치안유지법,13,13,"조두원(趙斗元), 박봉연(朴鳳然), 이기봉(李奇鳳), 김응기(金應基), 장용석(張龍石), 강귀주(姜貴柱), 정우상(鄭遇尙), 나종극(羅鍾克), 김병일(金炳一), 윤택근(尹澤根)"
442,이감,13,13,"조두원(趙斗元), 박봉연(朴鳳然), 이기봉(李奇鳳), 김응기(金應基), 장용석(張龍石), 강귀주(姜貴柱), 정우상(鄭遇尙), 나종극(羅鍾克), 김병일(金炳一), 윤택근(尹澤根)"
443,집단,13,13,"금자지수(金子志洙), 김기준(金基濬), 김용규(金容奎), 김병선(金炳善), 차명건(車明鍵), 윤태빈(尹泰彬), 김태을(金太乙), 신조경(申朝庚), 강기팔(姜基팔), 박종권(朴宗權)"
444,규합,13,13,"금자지수(金子志洙), 김기준(金基濬), 김병선(金炳善), 윤태빈(尹泰彬), 강기팔(姜基팔), 박종권(朴宗權), 성태현(成泰鉉), 행산원흥(幸山源興), 김운식(金云植), 김득필(金得弼)"
445,사립,13,13,"박제범(朴齊範), 최복석(崔復錫), 한장희(韓長禧), 김채준(金採準), 오태영(吳泰泳), 강기형(康琦衡), 윤영규(尹寧圭), 한극모(韓極模), 송병천(宋秉天), 송상옥(宋尙玉)"
446,클럽,13,13,"신정인종(新井仁鍾), 중천준석(中川濬晳), 송본헌식(松本憲植), 송원일수(松原一秀), 오경숙(吳敬淑), 김항복(金恒福), 산강용범(山岡龍範), 홍원종철(洪原鍾哲), 백응현(白應賢), 김용장(金庸壯)"
447,설립,13,9,"고영희(高永禧), 이남하(李南夏), 송명옥(宋明玉), 오태영(吳泰泳), 김혜종(金惠鍾), 진성구(陳聖九), 함석희(咸錫熙), 고한명(高韓明), 임종대(林鍾大)"
448,대한민국,13,12,"고일청(高一淸), 천규석(千圭錫), 향산광랑(香山光郞), 김조길(金祚吉), 류상순(柳相淳), 신국홍(申國洪), 류상학(柳相學), 유창렬(劉昌烈), 신규식(申圭植), 고용석(高龍錫)"
449,라며,13,9,"정상노태(井上魯胎), 이승필(李承弼), 공세영(孔世榮), 김충규(金忠圭), 파산민웅(坡山敏雄), 이윤강(李允康), 주덕기(朱德基), 권오상(權五相), 평전분(平田粉)"
450,앙양,13,12,"청촌의(淸村義), 영가태웅(永佳泰雄), 유용한(柳龍翰), 이병철(李丙哲), 월성현배(月成鉉培), 길전쾌복(吉田快福), 표인성(俵仁性), 목하희승(木下熙昇), 남평우준(楠坪祐雋), 청산수장(靑山秀章)"
451,솔선,13,11,"이용락(李龍洛), 김술병(金述秉), 김용구(金容九), 정래성(丁來聖), 유영창(柳永昌), 정인성(鄭寅成), 정태모(鄭泰模), 백세현(白世現), 곽대용(郭大容), 조성행(趙聖行)"
452,약속,13,8,"이촌상덕(伊村商德), 구남술(具南述), 금릉수웅(金陵秀雄), 금광성항(金光成恒), 김병남(金丙男), 윤인권(尹仁權), 김덕암(金德岩), 이의종(李義鍾)"
453,창가,13,12,"권점동(權点同), 이금석(李錦錫), 이학룡(李學龍), 조보근(趙補根), 탁계영(卓桂英), 구남회(具南會), 김두영(金杜榮), 김귀생(金貴生), 윤정도(尹正道), 이동숙(李東淑)"
454,농민,13,10,"박호철(朴鎬哲), 김석근(金石根), 선태섭(宣太燮), 정은찬(鄭恩燦), 손봉호(孫鳳鎬), 구오현(具五鉉), 손동일(孫東一), 최수봉(崔秀峰), 손망익(孫望翼), 김영재(金永才)"
455,괴산,13,7,"홍명희(洪命喜), 김원휘(金原輝), 권담(權澹), 홍성희(洪性熹), 민광식(閔光植), 홍명희(洪命憙), 홍성희(洪性憙)"
456,주력,13,12,"조재득(趙再得), 이상윤(李相潤), 임종업(林鍾業), 나정운(羅鼎雲), 김상순(金尙順), 남낙진(南洛鎭), 백락도(白樂道), 정희동(鄭喜童), 김기태(金基泰), 향원순완(香原淳完)"
457,무죄,13,13,"윤자학(尹滋學), 이계림(李桂林), 정만기(鄭萬基), 최병한(崔丙漢), 여화섭(呂華燮), 탁계영(卓桂英), 윤정도(尹正道), 김양만(金陽萬), 최용현(崔用鉉), 권태현(權泰顯)"
458,학생운동,13,8,"권학석(權鶴石), 김계등(金季登), 김정수(金正洙), 금천상준(金川相俊), 윤차경(尹次慶), 김화진(金華鎭), 이수섭(李守燮), 김태두(金泰斗)"
459,미국,13,8,"석산원치(石山元治), 월촌영주(月村英柱), 송산국광(松山國光), 서원승인(西原昇寅), 삼산명호(森山明鎬), 삼본준호(三本濬鎬), 성본현서(城本賢書), 금성승조(金星勝照)"
460,패전,13,11,"서강대원(瑞岡大圓), 암촌우영(岩村友影), 상원천중(上原川重), 산전종유(山田鍾有), 산전영순(山田榮淳), 산본명근(山本命根), 금성승조(金星勝照), 목원관복(木元寬復), 금원상권(金原相權), 백천상기(白川湘基)"
461,임시정부,13,9,"정상노태(井上魯胎), 지산문규(智山文圭), 남원신행(南原信行), 이창기(李昌基), 이현수(李賢壽), 금성승조(金星勝照), 김철(金澈), 주요한(朱耀翰), 이해붕(李海鵬)"
462,신덕,13,7,"임찬일(林燦逸), 노말수(盧末守), 임석현(林錫鉉), 손득순(孫得淳), 임범섭(林範燮), 금중연(琴重淵), 유북실(柳北實)"
463,연구,13,12,"김금연(金錦연), 금천상준(金川相俊), 김종희(金宗熙), 이갑두(李甲斗), 암성금자(岩城錦子), 청산수장(靑山秀章), 하명식(河明植), 삼진산번(三津山繁), 이종세(李種世), 천추승복(千秋承福)"
464,사무소,13,12,"김영록(金榮祿), 박영곤(朴英坤), 김경술(金景述), 김시원(金時元), 도원섭(都援燮), 박정렬(朴貞烈), 박성백(朴成伯), 유동환(柳東煥), 이태운(李泰운), 박원학(朴元學)"
465,출판물,13,9,"한남수(韓南洙), 이춘균(李春均), 김사국(金思國), 박원식(朴原植), 장현식(張鉉軾), 민강(閔慷), 전옥결(全玉○), 송재호(宋在浩), 김고열(金高說)"
466,전하,13,10,"홍종훈(洪鍾勳), 김명려(金明麗), 김관신(金觀新), 이현열(李顯烈), 김학용(金鶴鎔), 최민섭(崔敏燮), 양주흡(梁周洽), 김면교(金冕敎), 김종현(金宗鉉), 김천령(金天寧)"
467,보이,13,8,"유성우(柳晟佑), 박치대(朴致玳), 임병구(林炳九), 최호준(崔皓俊), 유흥준(兪興濬), 김목현(金穆鉉), 한호범(韓鎬範), 김교훈(金敎勳)"
468,정서,13,7,"오영순(吳英淳), 박종식(朴棕植), 김신근(金信根), 장의묵(張義默), 김찬규(金燦奎), 한윤석(韓輪錫), 김군명(金君明)"
469,대하,13,10,"최미형(崔미亨), 성도환(成道煥), 김기수(金基洙), 신홍윤(申弘允), 김규수(金奎秀), 박천홍(朴天洪), 김현태(金鉉泰), 신건희(申健熙), 윤원삼(尹愿三), 김성택(金聲澤)"
470,격투,13,11,"홍병복(洪秉福), 김업성(金業成), 차언복(車彦福), 김대성(金大成), 박홍천(朴洪天), 김길현(金吉鉉), 허내삼(許내三), 김재열(金載說), 손영기(孫永基), 송용현(宋龍顯)"
471,증거불충분,13,10,"김석진(金錫振), 박상보(朴相甫), 여승주(呂承周), 황학선(黃鶴善), 한규원(韓圭源), 한진만(韓鎭萬), 김진룡(金震龍), 김달순(金達淳), 안용순(安龍淳), 김증훈(金增勳)"
472,우편국,13,9,"유완진(柳完鎭), 대천종덕(大川宗德), 박필주(朴弼周), 안낙순(安樂淳), 유진홍(兪鎭弘), 김재흥(金在興), 김병학(金炳學), 김용준(金用俊), 김동건(金東健)"
473,박인호,13,13,"김문벽(金文闢), 이승주(李承胄), 백인옥(白仁玉), 장세호(張世皓), 한봉주(韓鳳周), 양재학(梁載學), 이윤조(李潤潮), 이정화(李晶和), 조윤학(趙允鶴), 최경준(崔京俊)"
474,날로,13,7,"김사윤(金士胤), 최기순(崔基順), 남궁혁(南宮爀), 한길상(韓吉祥), 이기호(李起澔), 서정희(徐廷禧), 김범수(金範洙)"
475,신통력,13,8,"김홍식(金鴻植), 이종명(李鍾溟), 평소상선(平沼相瑄), 김사국(金士國), 용본춘영(龍本春榮), 이종승(李鍾昇), 이주범(李柱範), 박제영(朴濟英)"
476,강진,13,9,"김성수(金性守), 양경천(梁京千), 김현균(金玄均), 김안식(金安植), 김현상(金炫庠), 황호경(黃鎬京), 양병우(梁炳宇), 김제문(金濟文), 김현봉(金炫奉)"
477,약소민족,13,7,"박상점(朴相点), 김승룡(金承龍), 이명로(李明魯), 최동석(崔東錫), 최상훈(崔相勳), 서석규(徐錫圭), 우영구(禹英九)"
478,적포,13,7,"전진극(全鎭極), 유점선(劉点善), 이양직(李亮稙), 장명식(張明植), 김응관(金應寬), 오충달(吳忠達), 김승만(金昇萬)"
479,석방,13,11,"조성철(趙誠哲), 문학연(文學淵), 최상을(崔詳을), 윤길룡(尹吉龍), 정호현(鄭豪鉉), 조신녀(趙信女), 김용대(金容大), 류동렬(柳東烈), 김화영(金華永), 김월석(金月石)"
480,입단,13,7,"김용욱(金龍煜), 정찬주(鄭贊周), 이호(李虎), 박종식(朴棕植), 이기영(李基榮), 배치문(裵致文), 유영규(劉泳奎)"
481,사령,13,8,"김환(金桓), 김욱이(金郁伊), 허영원(許永元), 손영권(孫永權), 박준병(朴峻秉), 김형로(金瀅櫓), 한호범(韓鎬範), 김현석(金鉉奭)"
482,지방,13,11,"이정로(李鼎魯), 박사직(朴思稷), 김재순(金在珣), 백천관호(白川寬鎬), 이문호(李文浩), 전정석(全廷奭), 탁계영(卓桂英), 안촌효승(安村孝昇), 박도현(朴道鉉), 윤정도(尹正道)"
483,밀양,13,8,"백희원(白熺元), 이찬수(李贊守), 정인설(鄭寅卨), 조경윤(趙景尹), 최경학(崔敬鶴), 차해규(車海奎), 김창배(金昌培), 김태원(金兌源)"
484,정평,13,5,"최풍렬(崔豊烈), 김현모(金睍模), 한영윤(韓永允), 이갑섭(李甲燮), 한태련(韓泰連)"
485,탄압,13,5,"최풍렬(崔豊烈), 김현모(金睍模), 한영윤(韓永允), 이갑섭(李甲燮), 한태련(韓泰連)"
486,관헌,13,4,"유봉춘(兪鳳春), 허윤섭(許允燮), 대강룡지조(大江龍之助), 장순영(張順英)"
487,대한국,12,11,"방재선(方在先), 김원진(金元鎭), 김태환(金泰煥), 최춘이(崔春伊), 김원휘(金原輝), 이규장(李奎章), 강대극(姜大極), 김일남(金一南), 이용돈(李容敦), 손순봉(孫順鳳)"
488,서면,12,8,"강대려(姜大呂), 전낙규(全洛奎), 여승주(呂承周), 강천성(康天成), 김익환(金翊煥), 조아당(趙亞當), 유영규(劉泳奎), 김욱이(金郁伊)"
489,사기,12,9,"강익홍(康益弘), 원이상(元利尙), 금해원주(金海源柱), 최욱(崔昱), 산전호영(山田浩榮), 김군직(金君織), 박문구(朴文龜), 독고운(獨孤雲), 김응주(金應柱)"
490,충돌,12,8,"인운식(印雲植), 문학연(文學淵), 유찬옥(柳贊玉), 인학수(印鶴洙), 최상을(崔詳을), 김용대(金容大), 고인환(高麟煥), 강찬희(姜讚熙)"
491,구장,12,10,"이봉삼(李逢三), 유영준(兪英濬), 강천성(康天成), 김천일(金千鎰), 이흥규(李興圭), 황성진(黃成진), 임수성(林秀成), 김달순(金達淳), 안용순(安龍淳), 최은영(崔殷永)"
492,파출소,12,12,"김동현(金東炫), 안종화(安鍾和), 남흥성(南興成), 김정식(金貞植), 김흔(金昕), 한종석(韓宗錫), 박종림(朴宗林), 심적룡(沈赤龍), 김익룡(金益龍), 김익중(金翊重)"
493,진력,12,11,"최두홍(崔斗洪), 최상달(崔相達), 조병국(曺炳國), 박성옥(朴成玉), 목원익(睦源益), 이구락(李龜洛), 고윤상(高崙相), 유창렬(劉昌烈), 김혁중(金赫中), 김홍규(金洪奎)"
494,북청,12,11,"김봉림(金鳳林), 안정업(安定業), 한명길(韓明吉), 고창국(高昌國), 고탁순(高鐸淳), 고진수(高鎭洙), 고한국(高翰國), 오수룡(吳壽龍), 천기수(千奇秀), 이학년(李鶴年)"
495,십수,12,12,"최선기(崔善基), 이안득(李安得), 박양근(朴亮根), 송영섭(宋寧燮), 전봉진(全鳳進), 고태현(高台鉉), 최규홍(崔圭弘), 한사연(韓士淵), 노석윤(盧錫允), 한성옥(韓成玉)"
496,지나사변,12,11,"선원기평(善元基平), 공성회(孔成檜), 김순진(金舜鎭), 상원천중(上原川重), 산전종유(山田鍾有), 산전영순(山田榮淳), 산본명근(山本命根), 박진홍(朴鎭洪), 석촌완기(石村完基), 이순금(李順今)"
497,천만,12,6,"박찬성(朴燦星), 곽대형(郭戴炯), 이약한(李約翰), 곽재형(郭載炯), 이천진(李天鎭), 이병립(李柄立)"
498,포고,12,4,"오동준(吳東俊), 임창재(任彰宰), 곽순영(郭淳英), 김익성(金益成)"
499,서류,12,4,"오동준(吳東俊), 임창재(任彰宰), 곽순영(郭淳英), 김익성(金益成)"
500,달성,12,8,"이영주(李永周), 문무명훤(文武明煊), 광전승평(廣田勝平), 홍순철(洪淳喆), 허용성(許龍成), 하야재철(河野在喆), 최붕학(崔鵬학), 오봉빈(吳鳳彬)"
501,교육,12,10,"박승호(朴勝瑚), 대산주상(大山胄相), 김한주(金漢周), 광전염규(廣田濂奎), 차영수(車永秀), 권영주(權永周), 화산영주(華山永周), 최용복(崔容福), 박택렬(朴澤烈), 조응선(趙應先)"
502,학년,12,10,"익전정구(益田廷球), 금전수평(金田守平), 장삼채(張三菜), 임기정(林基正), 동천광진(東川光辰), 김길호(金吉鎬), 정경인(定璟仁), 정기환(鄭基煥), 임민호(林玟鎬), 국한종(鞠漢鍾)"
503,정렬,12,12,"안성모(安聖模), 권덕창(權德昌), 박규준(朴奎俊), 권인환(權麟煥), 권괴응(權槐應), 이구락(李龜洛), 권태영(權泰英), 안삼선(安三先), 박주동(朴柱東), 이육상(李陸相)"
504,기도,12,8,"최병칠(崔秉七), 권영대(權寧大), 조동룡(趙東龍), 윤철(尹喆), 현기언(玄基언), 이명교(李明敎), 추재도(秋載道), 이해운(李海雲)"
505,주최,12,8,"권학석(權鶴石), 임종연(任鍾淵), 김계등(金季登), 윤차경(尹次慶), 김화진(金華鎭), 박무병(朴武炳), 김태두(金泰斗), 이초생(李初生)"
506,소동,12,6,"임찬일(林燦逸), 노말수(盧末守), 임석현(林錫鉉), 임범섭(林範燮), 금중연(琴重淵), 유북실(柳北實)"
507,협조,12,10,"김위식(金緯湜), 김운배(金○培), 김은수(金殷壽), 노동섭(魯東燮), 김병선(金秉善), 금택순룡(金澤順龍), 김상준(金賞俊), 김달문(金達文), 문봉기(文奉祺), 유정근(兪政根)"
508,대우,12,7,"금해건호(金海健鎬), 평야제(平野霽), 노산재용(盧山在容), 덕산실(德山實), 청목민수(靑木敏洙), 금택용서(金澤鏞瑞), 무성복렬(武城福烈)"
509,부호,12,8,"이종만(李鐘萬), 박상규(朴祥奎), 임봉춘(林鳳春), 중도보지극(中島保之○), 금해석(琴海汐), 하임출(河任出), 주덕기(朱德基), 박내홍(朴來洪)"
510,다음,12,12,"이상혁(李商爀), 김천일(金千鎰), 정봉수(鄭奉水), 평송수일(平松洙鎰), 박용득(朴龍得), 길포의풍(吉浦義豊), 이능렬(李能烈), 윤태병(尹泰炳), 유제섭(劉悌燮), 이재화(李載和)"
511,보급,12,9,"임종업(林鍾業), 이요습(李要習), 나정운(羅鼎雲), 김규복(金圭福), 백락도(白樂道), 임창수(林昌洙), 신영호(申鍈浩), 삼진산번(三津山繁), 천추승복(千秋承福)"
512,광고,12,10,"윤백인(尹伯仁), 양동훈(梁東勳), 송일길(宋日吉), 윤인권(尹仁權), 김규수(金奎秀), 박복구(朴福九), 박천홍(朴天洪), 김현태(金鉉泰), 신건희(申健熙), 김일영(金一永)"
513,총장,12,6,"김형준(金炯埈), 이병의(李丙儀), 차해규(車海奎), 최익무(崔翼武), 김규열(金圭烈), 김환(金桓)"
514,민회,12,12,"김규협(金奎協), 이창옥(李昌玉), 양동선(梁東璿), 김응주(金應疇), 김진오(金鎭五), 박내윤(朴來潤), 원낙구(元洛龜), 김태은(金泰은), 박인간(朴인幹), 김성수(金聖洙)"
515,예수교,12,10,"김석규(金錫圭), 오현향(吳玄鄕), 조병훈(曺秉勳), 이계창(李桂昌), 김기수(金基洙), 송포철호(松浦撤淏), 산본남규(山本南圭), 주종찬(朱宗讚), 윤원삼(尹愿三), 오상룡(吳相龍)"
516,국가,12,9,"이병관(李炳觀), 이석명(李錫明), 최미형(崔미亨), 신일용(辛日鎔), 김명식(金明植), 김낙구(金樂九), 송강헌중(松岡憲重), 최두환(崔斗煥), 전중기성(田中起成)"
517,중국,12,7,"김용병(金瑢炳), 정상노태(井上魯胎), 김내찬(金○贊), 이시곤(李時坤), 무본강지(武本江之), 평전분(平田粉), 김용근(金容根)"
518,위원,12,8,"허재환(許在煥), 김한(金翰), 임양재(任良宰), 허득수(許得壽), 손영권(孫永權), 함석희(咸錫熙), 김덕곤(金德坤), 김환(金桓)"
519,조력,12,6,"유기종(柳冀宗), 편덕렬(片德烈), 김백순(金伯順), 김영진(金瑛鎭), 김명수(金明秀), 이상설(李商雪)"
520,숭일,12,6,"남궁혁(南宮爀), 한길상(韓吉祥), 이기호(李起澔), 김범수(金範洙), 서정희(徐廷禧), 최기순(崔基順)"
521,신간회,12,10,"유상묵(柳尙默), 유찬옥(柳贊玉), 한동석(韓銅錫), 장태원(張泰遠), 김상순(金尙順), 남낙진(南洛鎭), 문상직(文相直), 이경석(李璟錫), 김창한(金昌漢), 김효출(金孝出)"
522,로서,12,7,"김원벽(金元壁), 나인협(羅寅協), 이경순(李敬純), 이인영(李寅永), 여운형(呂暈亨), 차상진(車相晋), 김상혁(金相赫)"
523,발행,12,9,"유용한(柳龍翰), 이영휘(李英輝), 김영호(金永祜), 한규원(韓圭源), 표인성(俵仁性), 박창원(朴昌元), 이보만(李輔晩), 천규석(千圭錫), 김현석(金鉉奭)"
524,일제,12,12,"정완조(鄭完朝), 정창도(鄭昌道), 안학수(安學洙), 조내원(趙來源), 조석하(趙碩河), 김종희(金宗熙), 김용균(金龍均), 정국태(鄭國泰), 하명식(河明植), 조종현(趙宗玄)"
525,합의,12,10,"양주성(梁柱星), 백천관호(白川寬鎬), 김종헌(金鍾憲), 최남규(崔南奎), 민창근(閔昌根), 안촌효승(安村孝昇), 한호범(韓鎬範), 김유성(金有成), 이용하(李容河), 이상은(李相殷)"
526,목동,12,9,"조원룡(趙元龍), 김제원(金濟元), 문덕상(文德相), 박홍빈(朴弘彬), 문무상(文武祥), 이종봉(李宗鳳), 신근수(申根秀), 염우익(廉愚益), 김응률(金應律)"
527,장진군,12,6,"원이돌(元李突), 명치택(明治澤), 한창순(韓昌順), 한창룡(韓昌龍), 김창심(金昌深), 한하용(韓夏鏞)"
528,토리,12,6,"원이돌(元李突), 명치택(明治澤), 한창순(韓昌順), 한창룡(韓昌龍), 김창심(金昌深), 한하용(韓夏鏞)"
529,게시판,12,11,"오용진(吳龍辰), 유인경(柳寅景), 박필주(朴弼周), 최영식(崔永植), 이대흥(李大興), 김치수(金致壽), 임두췌(林斗膵), 황성진(黃成진), 심응주(沈應宙), 오기열(吳基烈)"
530,공갈,12,6,"유선주(劉善柱), 전낙규(全洛奎), 김학봉(金學鳳), 윤영주(尹永周), 이호(李虎), 최용억(崔龍億)"
531,방조,12,7,"전상준(全相俊), 진진권(陳振權), 홍순철(洪淳喆), 김한(金翰), 한진교(韓震敎), 박노동(朴魯東), 신화수(申華秀)"
532,독판부,12,6,"나성호(羅聖鎬), 한동욱(韓東郁), 최필주(崔弼柱), 이재하(李載夏), 김희균(金熙均), 정희용(鄭熙鎔)"
533,도록,12,7,"유인봉(柳寅奉), 천병권(千秉權), 나효균(羅孝均), 이교필(李敎필), 박종연(朴鍾連), 진봉재(陳奉才), 추성렬(秋成烈)"
534,산화,12,12,"풍전수홍(豊田修弘), 신원국웅(新原國雄), 박정은(朴正殷), 방산용모(方山容模), 송본문홍(松本文弘), 화산영주(華山永周), 산본병희(山本秉喜), 아산진영(牙山軫榮), 산본일근(山本一根), 횡전융웅(橫田隆雄)"
535,승리,12,7,"월촌영주(月村英柱), 송산국광(松山國光), 성본현서(城本賢書), 오건영(吳建泳), 산본기웅(山本起雄), 유제탁(柳帝鐸), 옥원기복(玉原基福)"
536,주의,12,9,"안두종(安斗鍾), 장진근(張鎭根), 장지림(張志林), 이최환(李最煥), 현건식(玄建植), 이정연(李鼎淵), 최부은(崔溥殷), 청산을규(靑山乙圭), 이원겸(李元謙)"
537,진남,11,6,"백태산(白泰山), 정순만(鄭順萬), 강규수(姜奎壽), 정종락(鄭宗樂), 이성구(李聲九), 조태행(趙泰行)"
538,유리,11,6,"백태산(白泰山), 정순만(鄭順萬), 강규수(姜奎壽), 정종락(鄭宗樂), 이성구(李聲九), 조태행(趙泰行)"
539,성화,11,6,"백태산(白泰山), 정순만(鄭順萬), 강규수(姜奎壽), 정종락(鄭宗樂), 이성구(李聲九), 조태행(趙泰行)"
540,궐기,11,6,"이영규(李永奎), 박성오(朴星午), 김조길(金祚吉), 신석창(辛錫昌), 윤기현(尹基鉉), 강달영(姜達永)"
541,정규,11,7,"김용규(金容奎), 김규열(金圭烈), 김태을(金太乙), 신조경(申朝庚), 최익무(崔翼武), 강대열(姜大烈), 안상룡(安尙龍)"
542,경주,11,11,"김병환(金○煥), 손봉호(孫鳳鎬), 곽영조(郭永祚), 이성우(李成宇), 최성규(崔成奎), 강상진(姜詳振), 최수봉(崔秀峰), 김재수(金在洙), 김영만(金永萬), 손망익(孫望翼)"
543,모두,11,9,"김영두(金榮斗), 김유성(金有聲), 이찬수(李贊守), 강완주(姜完珠), 금본원길(金本元吉), 송재옥(宋在玉), 김석로(金錫魯), 김태원(金兌源), 김기운(金基云)"
544,시국,11,7,"강원도린(江原道麟), 송포철호(松浦撤淏), 횡산남두(橫山南斗), 안전병기(安田炳耆), 대산인효(大山仁孝), 고목승(高木昇), 본원실(本原實)"
545,선포,11,10,"강익홍(康益弘), 원이상(元利尙), 문상직(文相直), 오수룡(吳壽龍), 천기수(千奇秀), 김군직(金君織), 박문구(朴文龜), 독고운(獨孤雲), 김응주(金應柱), 김사익(金士翼)"
546,차별,11,7,"평야제(平野霽), 노산재용(盧山在容), 국본창근(國本蒼根), 청목민수(靑木敏洙), 강전병진(姜田炳辰), 풍본영길(豊本英吉), 무성복렬(武城福烈)"
547,방면,11,9,"이남하(李南夏), 전옥결(全玉결), 강진빈(康鎭彬), 박영운(朴永運), 정인설(鄭寅卨), 진성구(陳聖九), 이춘우(李春雨), 고한명(高韓明), 이해붕(李海鵬)"
548,임명,11,10,"김제(金濟), 김재봉(金在鳳), 강학인(姜學仁), 이조승(李潮承), 김병훈(金秉勳), 조석홍(曺錫洪), 박도현(朴道鉉), 이주성(李周性), 안상길(安相吉), 이성린(李成麟)"
549,위조,11,3,"고광하(高光夏), 정태영(鄭泰英), 안우선(安祐璿)"
550,정리,11,8,"유형근(兪亨根), 화산인승(華山寅承), 류용준(柳龍俊), 고병국(高炳國), 영신행(榮信行), 이인환(李仁煥), 전종진(全鍾晉), 김해룡(金海龍)"
551,행복,11,9,"김봉구(金鳳九), 송환순(宋煥淳), 고산규협(高山圭俠), 유원남(兪元男), 이용운(李用運), 이한성(李漢聖), 안전임일랑(安田稔一郞), 향원순완(香原淳完), 곡산영덕(谷山永德)"
552,주장,11,11,"김준영(金俊永), 박찬성(朴燦星), 김백경(金白敬), 류낙수(柳洛秀), 고신봉(高信鳳), 장봉주(張鳳柱), 어수갑(魚秀甲), 차제남(車制南), 김초채(金初彩), 최용현(崔用鉉)"
553,정기,11,5,"양원계초(良元啓超), 공흥문(孔興文), 조일두생(朝日斗生), 양원붕진(良元鵬進), 야산태옥(野山泰玉)"
554,격문,11,8,"김용술(金用述), 김태준(金泰濬), 이신규(李藎珪), 류면희(柳冕熙), 박태언(朴泰彦), 이천진(李天鎭), 구호렬(具鎬烈), 김두옥(金斗玉)"
555,정부,11,9,"산전우차량(山田祐次良), 송포철호(松浦撤淏), 차태준(車泰俊), 김혜종(金惠鍾), 이용운(李用運), 하상대(河相大), 산본남규(山本南圭), 유창렬(劉昌烈), 궁본근호(宮本根鎬)"
556,다시,11,9,"김인묵(金仁默), 이재순(李載淳), 권담(權澹), 횡산남두(橫山南斗), 이시종(李時鍾), 최돈영(崔燉瑛), 이상로(李祥老), 홍성희(洪性熹), 박상점(朴相点)"
557,상해임시정부,11,8,"송강선(宋岡瑄), 김영기(金寧基), 이문호(李文浩), 이언강(李彦綱), 남진희(南軫熙), 문창수(文昌洙), 권오상(權五相), 김창렬(金昌洌)"
558,칭하,11,11,"박항택(朴恒澤), 이두춘(李斗春), 최진순(崔瑨淳), 이점백(李點伯), 권익환(權益煥), 김종진(金鍾鎭), 권중택(權重澤), 김태상(金台尙), 김공망(金公望), 이종익(李種益)"
559,참여,11,8,"권철(權鐵), 조성은(趙成殷), 지산문규(智山文圭), 남원신행(南原信行), 손창현(孫昌鉉), 박희빈(朴熙彬), 요영국(姚永國), 임창숙(林昌淑)"
560,단체,11,5,"김순천(金順天), 이홍채(李鴻采), 남세혁(南世爀), 권필호(權弼浩), 박우홍(朴禹弘)"
561,근무,11,5,"김석(金晳), 안정형(安井亨), 금강무명(金岡茂明), 금산규석(金山圭奭), 백천의웅(白川義雄)"
562,샌프란시스코,11,5,"산성능진(山城能珍), 안정형(安井亨), 금강무명(金岡茂明), 금산규석(金山圭奭), 백천의웅(白川義雄)"
563,의사,11,6,"김희주(金禧柱), 손치우(孫致祐), 김운화(金雲化), 이창환(李昌奐), 금궁굉(金宮宏), 박만관(朴萬官)"
564,보전,11,10,"금택정필(金澤正弼), 암본복길(岩本福吉), 배본창생(裵本昌生), 행전오직(幸田五稷), 대산재수(大山在洙), 동권정욱(東權正昱), 선성해직(宣城海稙), 유택건차랑(柳澤健次郞), 금전경동(金田敬東), 금성광섭(金星珖燮)"
565,고양,11,10,"금택정필(金澤正弼), 암본복길(岩本福吉), 배본창생(裵本昌生), 행전오직(幸田五稷), 대산재수(大山在洙), 동권정욱(東權正昱), 선성해직(宣城海稙), 유택건차랑(柳澤健次郞), 금전경동(金田敬東), 금성광섭(金星珖燮)"
566,단결,11,9,"한남수(韓南洙), 평야제(平野霽), 노산재용(盧山在容), 유상묵(柳尙默), 금해원주(金海源柱), 장태원(張泰遠), 산전호영(山田浩榮), 문상직(文相直), 금원이정(金原二正)"
567,실력,11,10,"청촌의(淸村義), 부영황(富永晃), 영가태웅(永佳泰雄), 금주수의(金洲守誼), 길전쾌복(吉田快福), 이정섭(李晶燮), 낭산정섭(郎山正燮), 화전유항(和田有恒), 남평우준(楠坪祐雋), 신정효준(新井孝濬)"
568,환영,11,8,"방본홍벽(邦本鴻壁), 김낙영(金洛永), 장원한철(張元漢哲), 이명로(李明魯), 최동석(崔東錫), 최상훈(崔相勳), 김종일(金宗日), 금천형민(金川炯敏)"
569,서당,11,8,"방재선(方在先), 김태환(金泰煥), 이금석(李錦錫), 유병관(劉秉寬), 호찬용(胡粲鏞), 주종찬(朱宗讚), 김경권(金京權), 김용근(金容根)"
570,주재,11,6,"임수근(林水根), 장문섭(張文燮), 한동규(韓東圭), 한경복(韓景福), 이창운(李昌雲), 김기석(金基碩)"
571,대가,11,9,"최선기(崔善基), 박경래(朴京來), 박양근(朴亮根), 송영섭(宋寧燮), 전봉진(全鳳進), 최규홍(崔圭弘), 이천진(李天鎭), 김기운(金基云), 이병립(李柄立)"
572,관리,11,6,"김내찬(金○贊), 김은수(金殷壽), 홍남표(洪南杓), 김달문(金達文), 김재열(金載說), 백금억(白金億)"
573,수령,11,9,"김병연(金秉璉), 유성우(柳晟佑), 손창현(孫昌鉉), 김두백(金枓白), 이인영(李麟榮), 이정섭(李晶燮), 천규석(千圭錫), 이관혁(李觀爀), 노춘만(盧春萬)"
574,김좌진,11,5,"유기종(柳冀宗), 김백순(金伯順), 김영진(金瑛鎭), 김명수(金明秀), 이상설(李商雪)"
575,자택,11,11,"김석진(金錫振), 여승주(呂承周), 황학선(黃鶴善), 김판경(金判慶), 이기칙(李基則), 이백룡(李白龍), 김진룡(金震龍), 김민두(金玟斗), 화촌원섭(花村元燮), 유홍조(柳弘祚)"
576,일행,11,5,"김성호(金聖灝), 박세건(朴世鍵), 이담(李擔), 김좌국(金佐國), 김병제(金炳濟)"
577,축하,11,8,"장병준(張炳俊), 김봉기(金奉琪), 김조길(金祚吉), 이용도(李龍道), 이원범(李元汎), 송윤진(宋潤鎭), 이관배(李官培), 송인호(宋仁昊)"
578,회원,11,9,"이대정(李大鼎), 안등명식(安藤明埴), 박치대(朴致玳), 김사구(金思九), 임병구(林炳九), 김응두(金應斗), 정의식(鄭宜植), 유흥준(兪興濬), 김효출(金孝出)"
579,설명,11,8,"임부득(任富得), 김영운(金泳運), 유축운(柳丑運), 김의홍(金義弘), 어수갑(魚秀甲), 유극창(柳極昌), 산본정걸(山本正杰), 손규철(孫奎哲)"
580,증서,11,6,"이영휘(李英輝), 김영호(金永祜), 박창원(朴昌元), 이윤강(李允康), 이영훈(李榮薰), 김환(金桓)"
581,평양,11,11,"박정찬(朴貞燦), 김예진(金禮鎭), 이일영(李一永), 김인환(金仁煥), 이근섭(李根燮), 편덕렬(片德烈), 황용연(黃龍淵), 김이제(金利濟), 박인관(朴仁寬), 정일선(丁一善)"
582,동우회,11,11,"안등명식(安藤明埴), 채희천(蔡希天), 허용성(許龍成), 오경숙(吳敬淑), 김항복(金恒福), 청산하현(靑山夏鉉), 백응현(白應賢), 김용장(金庸壯), 장학병(張學秉), 오원익은(吳元翊殷)"
583,국치,11,5,"정태영(鄭泰英), 안우선(安祐璿), 김응관(金應寬), 이병철(李秉澈), 김태규(金泰珪)"
584,연락,11,9,"대천종덕(大川宗德), 이승필(李承弼), 김충규(金忠圭), 김한(金翰), 이일영(李一永), 김이제(金利濟), 박인관(朴仁寬), 정일선(丁一善), 민강(閔강)"
585,공보,11,7,"정태영(鄭泰英), 이정률(李廷律), 이병의(李丙儀), 이필동(李弼東), 김청풍(金淸風), 김치현(金致鉉), 김치은(金致殷)"
586,군수,11,10,"이용헌(李容獻), 대천종덕(大川宗德), 홍봉관(洪鳳官), 이병익(李炳翼), 탁은상(卓殷相), 조종협(趙鍾協), 이용규(李龍奎), 박성욱(朴性煜), 박수항(朴受恒), 박수동(朴壽東)"
587,성리,11,7,"장문섭(張文燮), 조규학(曺圭鶴), 손종한(孫宗漢), 류관수(柳寬秀), 한경복(韓景福), 홍윤식(洪倫植), 방세창(方世昌)"
588,일본군,11,6,"추전미수(秋田美穗), 무본강지(武本江之), 지산수암(芝山秀巖), 청수창길(淸水昌吉), 상산병하(常山炳夏), 수원종득(水原綜得)"
589,비단,10,5,"강극모(姜克模), 김기형(金璂瀅), 유상렬(柳相烈), 유영규(劉泳奎), 이작(李芍)"
590,의주군,10,6,"백금억(白金億), 이재곤(李在坤), 강기진(姜基珍), 김재열(金載說), 김덕곤(金德坤), 윤하민(尹河民)"
591,신창면,10,5,"강복개(姜福介), 김양순(金良順), 이창균(李昌均), 이상균(李相均), 박진화(朴秦和)"
592,산위,10,5,"강복개(姜福介), 김양순(金良順), 이창균(李昌均), 이상균(李相均), 박진화(朴秦和)"
593,협력,10,6,"곽대형(郭戴炯), 한의룡(韓義龍), 정원태철(井原泰哲), 강산도웅(岡山道雄), 김홍엽(金弘燁), 윤철(尹喆)"
594,자극,10,10,"김병환(金○煥), 곽영조(郭永祚), 이성우(李成宇), 최성규(崔成奎), 강상진(姜詳振), 김태연(金泰淵), 문정환(文廷煥), 홍득린(洪得麟), 김재수(金在洙), 김종수(金琮洙)"
595,종사,10,5,"조기수(趙基洙), 강영필(姜永弼), 장래주(張來周), 조기홍(趙琪洪), 김정국(金丁國)"
596,구국,10,7,"고일청(高一淸), 장홍해(張鴻海), 강일(姜鎰), 신규식(申圭植), 임순남(林順男), 이득수(李得壽), 정법모(鄭法謨)"
597,알리,10,9,"김자봉(金子鳳), 권대완(權大完), 강진빈(康鎭彬), 이종철(李鍾喆), 어수갑(魚秀甲), 목원관복(木元寬復), 이능렬(李能烈), 조경윤(趙景尹), 김보곤(金寶坤)"
598,상황,10,5,"강진빈(康鎭彬), 경산점순(慶山点順), 김창배(金昌培), 유상렬(柳相烈), 본원실(本原實)"
599,반드시,10,7,"고산규협(高山圭俠), 월촌영주(月村英柱), 파산민웅(坡山敏雄), 최용복(崔容福), 안전임일랑(安田稔一郞), 강포구(姜蒲求), 장수의영(長水義瑛)"
600,붙이,10,8,"박제범(朴齊範), 김석준(金石準), 허홍(許鴻), 윤상훈(尹相勳), 고덕찬(高德燦), 오기열(吳基烈), 송병천(宋秉天), 송상옥(宋尙玉)"
601,태백산,10,5,"고병률(高炳律), 류형남(柳亨南), 최익한(崔翼漢), 류형호(柳亨浩), 양병효(梁秉孝)"
602,존신,10,5,"고병률(高炳律), 류형남(柳亨南), 최익한(崔翼漢), 류형호(柳亨浩), 양병효(梁秉孝)"
603,표면,10,10,"최두홍(崔斗洪), 채희천(蔡希天), 조병국(曺炳國), 박성옥(朴成玉), 목원익(睦源益), 장학병(張學秉), 고윤상(高崙相), 김혁중(金赫中), 김홍규(金洪奎), 이용하(李容河)"
604,표방,10,10,"최두홍(崔斗洪), 채희천(蔡希天), 조병국(曺炳國), 박성옥(朴成玉), 목원익(睦源益), 장학병(張學秉), 고윤상(高崙相), 김혁중(金赫中), 김홍규(金洪奎), 이용하(李容河)"
605,참살,10,5,"고제몽(高濟夢), 김한영(金翰永), 구연준(具然濬), 김영희(金永禧), 조봉암(曹奉岩)"
606,교구장,10,10,"김봉림(金鳳林), 안정업(安定業), 한명길(韓明吉), 고창국(高昌國), 김원걸(金元杰), 김응도(金應道), 고탁순(高鐸淳), 고진수(高鎭洙), 고한국(高翰國), 김인향(金麟鄕)"
607,임정,10,6,"김규열(金圭烈), 고태현(高台鉉), 한사연(韓士淵), 노석윤(盧錫允), 최익무(崔翼武), 한성옥(韓成玉)"
608,종이,10,10,"오용진(吳龍辰), 이병철(李丙哲), 임두췌(林斗膵), 김판경(金判慶), 이종철(李鍾喆), 윤태환(尹泰煥), 공수명(孔壽命), 주종찬(朱宗讚), 허선일(許先一), 안경춘(安敬春)"
609,열망,10,8,"송종근(宋鍾根), 이병철(李丙哲), 금천상준(金川相俊), 최익한(崔益翰), 김유인(金裕寅), 김시중(金時中), 최일만(崔壹萬), 공수명(孔壽命)"
610,경비,10,9,"윤백인(尹伯仁), 양동훈(梁東勳), 김규수(金奎秀), 공연규(孔연圭), 박복구(朴福九), 박천홍(朴天洪), 김현태(金鉉泰), 신건희(申健熙), 김익배(金益培)"
611,원수,10,4,"곽대형(郭戴炯), 이천진(李天鎭), 곽재형(郭載炯), 이병립(李柄立)"
612,국장,10,7,"김응두(金應斗), 김관신(金觀新), 곽재형(郭載炯), 류면희(柳冕熙), 이천진(李天鎭), 김종현(金宗鉉), 이병립(李柄立)"
613,적색,10,8,"선태섭(宣太燮), 안종익(安鍾翊), 박만춘(朴萬春), 김부득(金富○), 정은찬(鄭恩燦), 이두춘(李斗春), 김규복(金圭福), 구오현(具五鉉)"
614,로부터,10,8,"대산주상(大山胄相), 김경렬(金璟烈), 이철응(李喆應), 김영두(金英斗), 함희성(咸熙晟), 이병규(李秉珪), 박내홍(朴來洪), 궁본근호(宮本根鎬)"
615,백장,10,6,"권학석(權鶴石), 홍명희(洪命喜), 김계등(金季登), 윤차경(尹次慶), 김화진(金華鎭), 김태두(金泰斗)"
616,중경,10,4,"안정형(安井亨), 금산규석(金山圭奭), 금강무명(金岡茂明), 백천의웅(白川義雄)"
617,활성화,10,10,"오천용화(烏川溶和), 의성재하(義城載河), 금해두섭(金海斗燮), 송산정웅(松山政雄), 송강수명(松岡秀明), 이전효선(李田孝善), 옥천창수(玉川昌樹), 금원시묵(金原時默), 송산봉룡(松山鳳龍), 금산응화(金山應和)"
618,에베소,10,10,"오천용화(烏川溶和), 의성재하(義城載河), 금해두섭(金海斗燮), 송산정웅(松山政雄), 송강수명(松岡秀明), 이전효선(李田孝善), 옥천창수(玉川昌樹), 금원시묵(金原時默), 송산봉룡(松山鳳龍), 금산응화(金山應和)"
619,새벽,10,10,"오천용화(烏川溶和), 의성재하(義城載河), 금해두섭(金海斗燮), 송산정웅(松山政雄), 송강수명(松岡秀明), 이전효선(李田孝善), 옥천창수(玉川昌樹), 금원시묵(金原時默), 송산봉룡(松山鳳龍), 금산응화(金山應和)"
620,이번,10,9,"신병칠(辛秉七), 장병섭(張炳涉), 안전한옥(安田漢玉), 창해양주(蒼海良舟), 산본남규(山本南圭), 황신국(黃信國), 목전백중(木田百仲), 금원영규(金原永圭), 이광묵(李光默)"
621,확신,10,8,"해천홍식(海川洪植), 평산영화(平山永和), 조순범(趙順範), 금전형뢰(金田炯雷), 이가병택(李家炳宅), 매촌명섭(梅村明燮), 옥원기복(玉原基福), 성암종석(城巖鍾碩)"
622,투사,10,9,"부영황(富永晃), 김종구(金鐘耉), 금주수의(金洲守誼), 오경숙(吳敬淑), 김항복(金恒福), 낭산정섭(郎山正燮), 화전유항(和田有恒), 김용장(金庸壯), 백응현(白應賢)"
623,필요성,10,6,"천천홍(天川弘), 신정화랑(新井和郞), 무곡무남(武谷茂男), 박하주(朴夏柱), 길전균우(吉田均雨), 덕산영세(德山英世)"
624,방화,10,5,"이여종(李呂鍾), 김혁근(金赫根), 손창근(孫昌根), 이두영(李斗榮), 김경진(金景珍)"
625,경북,10,7,"최익한(崔益翰), 김재봉(金在鳳), 김영두(金英斗), 김공칠(金珙七), 오형선(吳瀅善), 안상길(安相吉), 김연환(金鍊煥)"
626,논의,10,9,"김연순(金蓮順), 천귀례(千貴禮), 이용도(李龍道), 김귀남(金貴南), 상원천중(上原川重), 산전종유(山田鍾有), 산전영순(山田榮淳), 산본명근(山本命根), 김형기(金炯璣)"
627,태평양,10,8,"김연순(金蓮順), 천귀례(千貴禮), 이용도(李龍道), 김귀남(金貴南), 차태준(車泰俊), 어수갑(魚秀甲), 하상대(河相大), 문남용(文南用)"
628,내무,10,4,"김형준(金炯埈), 김규열(金圭烈), 이병의(李丙儀), 최익무(崔翼武)"
629,소로,10,7,"임수근(林水根), 정구철(鄭求喆), 한동규(韓東圭), 이창운(李昌雲), 임동건(林東乾), 김양수(金瀁秀), 김기석(金基碩)"
630,인천,10,5,"오은영(吳恩泳), 편덕렬(片德烈), 추전미수(秋田美穗), 성산준림(星山峻臨), 김기용(金基用)"
631,경유,10,8,"김병하(金炳夏), 황상호(黃尙鎬), 김길도(金吉道), 이기영(李基榮), 정승원(鄭昇源), 조돈민(趙敦敏), 엄건섭(嚴建燮), 박의순(朴義淳)"
632,대한문,10,7,"양규섭(梁奎涉), 김술근(金述根), 김덕봉(金德奉), 윤내진(尹來鎭), 정성룡(鄭聖龍), 이태형(李台炯), 정성봉(鄭聖鳳)"
633,교장,10,3,"하길담(河吉淡), 여도현(呂道鉉), 김몽길(金夢吉)"
634,부수,10,5,"김술병(金述秉), 여도현(呂道鉉), 정태모(鄭泰模), 하길담(河吉淡), 김몽길(金夢吉)"
635,은닉,10,7,"김한(金翰), 윤응념(尹應念), 청정환(淸井桓), 김민두(金玟斗), 장의묵(張義默), 신화수(申華秀), 유촌도신(柳村道信)"
636,평북,10,9,"김종하(金宗河), 김용욱(金龍煜), 김의선(金義璇), 변정룡(邊珽龍), 김병일(金炳鎰), 송윤진(宋潤鎭), 김종선(金宗善), 이기용(李基溶), 윤하민(尹河民)"
637,곡리,10,5,"김병하(金炳夏), 정승원(鄭昇源), 조돈민(趙敦敏), 엄건섭(嚴建燮), 박의순(朴義淳)"
638,변전,10,5,"김홍식(金鴻植), 이종명(李鍾溟), 김사국(金士國), 이종승(李鍾昇), 이주범(李柱範)"
639,트리,10,5,"이만석(李萬錫), 장승화(張承和), 김순흥(金順興), 유기윤(柳冀允), 장태수(張台秀)"
640,전화선,10,5,"이만석(李萬錫), 장승화(張承和), 김순흥(金順興), 유기윤(柳冀允), 장태수(張台秀)"
641,운집,10,7,"김술근(金述根), 윤내진(尹來鎭), 정성룡(鄭聖龍), 안낙순(安樂淳), 유진홍(兪鎭弘), 정성봉(鄭聖鳳), 김용준(金用俊)"
642,곡산,10,7,"김희룡(金希龍), 조영섭(曹永涉), 김종환(金宗煥), 김창현(金昌玄), 정의양(鄭宜陽), 최숙석(崔叔石), 김자근봉(金自斤奉)"
643,고무,10,5,"김정수(金正洙), 박종식(朴棕植), 박무병(朴武炳), 이수섭(李守燮), 임종연(任鍾淵)"
644,계로,10,5,"이병철(李秉澈), 라창헌(羅昌憲), 정락윤(鄭樂倫), 이종욱(李鍾郁), 김태규(金泰珪)"
645,결행,10,6,"유인봉(柳寅奉), 천병권(千秉權), 나효균(羅孝均), 박종연(朴鍾連), 김학용(金鶴鎔), 진봉재(陳奉才)"
646,암시장,10,7,"유인봉(柳寅奉), 천병권(千秉權), 주성민(朱聖敏), 나효균(羅孝均), 박종연(朴鍾連), 최인수(崔仁洙), 진봉재(陳奉才)"
647,중과,10,5,"이정식(李廷植), 조두섭(趙斗燮), 염천태(廉天太), 유택선(劉澤瑄), 이완구(李玩求)"
648,압회,10,5,"이정식(李廷植), 조두섭(趙斗燮), 염천태(廉天太), 유택선(劉澤瑄), 이완구(李玩求)"
649,일금,9,6,"김명려(金明麗), 이근섭(李根燮), 김민두(金玟斗), 강기진(姜基珍), 오근영(吳根榮), 최용억(崔龍億)"
650,신문,9,7,"김해술(金海述), 강응렬(姜應烈), 신일용(辛日鎔), 김명식(金明植), 함희성(咸熙晟), 차기순(車基淳), 산전계부(山田季婦)"
651,신봉,9,9,"해기석(解基錫), 임양려(林良麗), 김제(金濟), 이조승(李潮承), 강학인(姜學仁), 조석홍(曺錫洪), 김병훈(金秉勳), 이주성(李周性), 대산순원(大山順元)"
652,전남,9,7,"인운식(印雲植), 인학수(印鶴洙), 임종근(林鍾根), 지영렬(池英烈), 고인환(高麟煥), 박병하(朴병夏), 김영재(金永才)"
653,밀고,9,9,"김은환(金殷煥), 이응식(李應植), 이금봉(李今奉), 조기시(曺奇矢), 청산을규(靑山乙圭), 이수혁(李壽赫), 허인협(許寅俠), 곽대용(郭大容), 이용규(李龍圭)"
654,연합,9,7,"백희원(白熺元), 국진순(鞠眞淳), 최봉린(崔奉○), 홍이관(洪利寬), 이창하(李昌河), 조응선(趙應先), 김조규(金助圭)"
655,지도,9,7,"여운철(呂運徹), 주정식(朱廷植), 임주홍(林周弘), 금천상준(金川相俊), 이판길(李判吉), 이원영(李元永), 이종세(李種世)"
656,실천,9,7,"금해원주(金海源柱), 산전호영(山田浩榮), 송본문홍(松本文弘), 옥강형근(玉岡炯根), 송천영은(松川永垠), 죽천태한(竹川泰漢), 옥원기복(玉原基福)"
657,무기,9,5,"최봉린(崔奉○), 홍이관(洪利寬), 한윤석(韓輪錫), 김군명(金君明), 김정국(金丁國)"
658,자로,9,7,"이연호(李淵湖), 남궁태(南宮○), 김금연(金錦연), 용환각(龍煥珏), 암성금자(岩城錦子), 최용억(崔龍億), 김귀선(金貴先)"
659,이태왕,9,9,"정인하(鄭寅夏), 김기수(金基洙), 홍종훈(洪鍾勳), 정영업(鄭永業), 이현열(李顯烈), 김면교(金冕敎), 김명건(金明健), 김천령(金天寧), 한동석(韓銅錫)"
660,졸병,9,9,"홍병복(洪秉福), 김업성(金業成), 차언복(車彦福), 김대성(金大成), 박홍천(朴洪天), 김길현(金吉鉉), 허내삼(許내三), 손영기(孫永基), 송용현(宋龍顯)"
661,조선어,9,7,"송산무웅(松山武雄), 김병규(金柄奎), 이환기(李煥器), 목하희승(木下熙昇), 청산수장(靑山秀章), 월성현배(月成鉉培), 산전계부(山田季婦)"
662,군청,9,8,"김인택(金仁澤), 김병하(金炳夏), 김익근(金益根), 이귀수(李貴守), 정승원(鄭昇源), 조돈민(趙敦敏), 엄건섭(嚴建燮), 박의순(朴義淳)"
663,유리창,9,3,"김술병(金述秉), 배방간(裵方干), 정태모(鄭泰模)"
664,광복,9,7,"위치곤(韋致坤), 김응집(金應集), 김옥명(金玉明), 차해규(車海奎), 이춘우(李春雨), 김응률(金應律), 김운종(金雲鍾)"
665,윌슨,9,9,"최린(崔麟), 백상규(白相奎), 한병익(韓秉益), 김창준(金昌俊), 정춘수(鄭春洙), 최남선(崔南善), 정노식(鄭魯湜), 임예환(林禮煥), 김원벽(金元璧)"
666,의뢰,9,8,"김종석(金鍾錫), 최규석(崔圭錫), 최상달(崔相達), 황금채(黃金彩), 한원칠(韓元七), 김태호(金泰昊), 양호갑(梁好甲), 장익근(張益根)"
667,통지서,9,5,"중도보지극(中島保之○), 조경윤(趙景尹), 이규성(李圭聲), 김종현(金宗鉉), 천광흠(天光欽)"
668,포위,9,3,"박경득(朴擎得), 김창일(金昌鎰), 이담(李擔)"
669,국민대회,9,5,"한남수(韓南洙), 황금술(黃金述), 윤화병(尹華炳), 김철(金澈), 이관우(李寬宇)"
670,서문,9,5,"전희로(全希魯), 윤상은(尹想殷), 김해관(金海管), 유흥주(劉興柱), 오시권(吳時勸)"
671,교양,9,7,"안병석(安秉石), 손광채(孫光采), 임양려(林良麗), 임종업(林鍾業), 나정운(羅鼎雲), 백락도(白樂道), 임종대(林鍾大)"
672,달라,9,3,"정본삼정(鄭本森政), 남상정(南相禎), 이담(李擔)"
673,유영주,9,3,"손화삼(孫華三), 노화범(盧和範), 이계웅(李啓雄)"
674,수행,9,8,"박나영(朴羅英), 유상묵(柳尙默), 장태원(張泰遠), 문상직(文相直), 윤낙중(尹樂重), 이기훈(李基薰), 채장숙(蔡章淑), 오원정은(吳元正殷)"
675,영국,9,4,"파산민웅(坡山敏雄), 산전우차량(山田祐次良), 삼본준호(三本濬鎬), 암본길평(岩本吉平)"
676,체포,8,7,"최성열(崔成烈), 강대려(姜大呂), 김영기(金榮基), 유기호(劉基鎬), 김우진(金宇鎭), 김윤하(金允河), 류하석(柳河錫)"
677,한일합병,8,6,"김유성(金有聲), 이원복(李遠福), 강동효(姜東孝), 국본수송(國本秀松), 향산광랑(香山光郞), 김범수(金範洙)"
678,납부,8,4,"강원도린(江原道麟), 이일득(李一得), 전낙규(全洛奎), 궁본배악(宮本培岳)"
679,독립국,8,8,"김용구(金容九), 신병칠(辛秉七), 김탁(金鐸), 장병섭(張炳涉), 이낙림(李洛林), 전흥식(全興植), 강응삼(姜應三), 신태하(申泰厦)"
680,조선공산당,8,5,"김병남(金丙男), 동승현(董承鉉), 이화영(李華永), 강학병(姜鶴秉), 이의종(李義鍾)"
681,제출,8,4,"고광하(高光夏), 김봉제(金鳳濟), 김덕진(金德鎭), 김용욱(金龍煜)"
682,좌익,8,8,"목산항규(牧山恒珪), 이병국(李炳國), 김한섭(金漢燮), 송본길평(松本吉平), 박성무(朴性茂), 최종엽(崔宗燁), 김민옥(金玟玉), 고광학(高光學)"
683,결사,8,7,"황하룡(黃河龍), 문무명훤(文武明煊), 광전승평(廣田勝平), 김중문(金重文), 이홍국(李弘國), 주촌현칙(朱村賢則), 청산하현(靑山夏鉉)"
684,제도,8,7,"선태섭(宣太燮), 이필(李필), 정은찬(鄭恩燦), 안전궁홍(安田弓弘), 석천창서(石川昌瑞), 구오현(具五鉉), 이학종(李學種)"
685,주입,8,8,"이홍채(李鴻采), 한장희(韓長禧), 박우홍(朴禹弘), 궁본승묵(宮本勝默), 김종희(金宗熙), 하동해안(河東海晏), 하명식(河明植), 부춘창수(富春昌樹)"
686,상업,8,4,"박상렬(朴相烈), 김규열(金圭烈), 최익무(崔翼武), 권영례(權寧禮)"
687,모금,8,7,"이계림(李桂林), 이철응(李喆應), 권충락(權忠洛), 이병규(李秉珪), 김정렬(金丁烈), 임은성(林銀星), 이작(李芍)"
688,담당,8,5,"금택순룡(金澤順龍), 정인설(鄭寅卨), 최남선(崔南善), 임순남(林順男), 주요한(朱耀翰)"
689,실현,8,8,"박호군(朴好君), 길한동(吉漢東), 심상욱(沈相昱), 이한용(李漢容), 최석(崔錫), 이동안(李同安), 김수동(金水同), 서명복(徐命福)"
690,해남,8,7,"김규수(金奎秀), 김흥봉(金興鳳), 홍남표(洪南杓), 김경두(金璟斗), 박천홍(朴天洪), 김현태(金鉉泰), 신건희(申健熙)"
691,비밀,8,7,"김종구(金鐘耉), 김규복(金圭福), 박원식(朴原植), 장현식(張鉉軾), 민강(閔慷), 송재호(宋在浩), 김고열(金高說)"
692,이름,8,5,"채홍인(蔡鴻仁), 김백옥(金白玉), 김찬순(金燦淳), 김석로(金錫魯), 김덕곤(金德坤)"
693,점령,8,4,"하길담(河吉淡), 여도현(呂道鉉), 산전계부(山田季婦), 김몽길(金夢吉)"
694,납세,8,4,"김사국(金思國), 한남수(韓南洙), 전옥결(全玉○), 이춘균(李春均)"
695,집기,8,5,"백태산(白泰山), 정순만(鄭順萬), 김수백(金壽伯), 박내명(朴來明), 이성구(李聲九)"
696,거주,8,6,"한장희(韓長禧), 손창현(孫昌鉉), 심재덕(沈在德), 임태순(林泰淳), 김용복(金龍福), 이작(李芍)"
697,노예,8,6,"이치성(李致成), 김한주(金漢周), 김정수(金正洙), 차영수(車永秀), 박택렬(朴澤烈), 이수섭(李守燮)"
698,의열단,8,4,"김한(金翰), 신화수(申華秀), 배치문(裵致文), 이영주(李永周)"
699,기사,8,6,"홍인표(洪仁杓), 김해술(金海述), 임원성(林元星), 윤인중(尹寅重), 유극창(柳極昌), 주한규(朱○奎)"
700,회보,8,6,"홍진범(洪鎭範), 송세원(宋世源), 변창대(邊昌大), 김호준(金鎬俊), 양재순(梁在順), 조상련(曺相連)"
701,제지,8,5,"나용기(羅龍基), 이교필(李敎필), 추성렬(秋成烈), 장순영(張順英), 윤하민(尹河民)"
702,러시아,8,7,"안병석(安秉石), 손광채(孫光采), 이홍국(李弘國), 송강헌중(松岡憲重), 파산경상(巴山景祥), 완산정만(完山廷萬), 전중기성(田中起成)"
703,사회,8,3,"야산태옥(野山泰玉), 오기섭(吳淇燮), 양원붕진(良元鵬進)"
704,습격,8,6,"이시중(李時重), 이주의(李注儀), 이회열(李會烈), 이기송(李起松), 이병렬(李秉烈), 이기우(李起우)"
705,보천교,7,6,"평소상선(平沼相瑄), 박운업(朴雲業), 용본춘영(龍本春榮), 이용운(李用運), 강본승하(岡本承河), 박제영(朴濟英)"
706,호응,7,6,"신국홍(申國洪), 류상순(柳相淳), 류상학(柳相學), 이원영(李元永), 고용석(高龍錫), 류상설(柳相卨)"
707,압박,7,7,"이원복(李遠福), 김평원(金平遠), 광뢰용순(廣瀨龍順), 최재홍(崔載弘), 김익환(金翊煥), 유원종남(柳原鍾湳), 김연중(金演重)"
708,나라,7,6,"이가규헌(李家圭憲), 김승신(金承信), 전정석(全廷奭), 윤남석(尹南錫), 암본길평(岩本吉平), 국본무남(國本武男)"
709,총독,7,5,"안동영목(安東寧牧), 국본창근(國本蒼根), 이언성(李彦成), 풍본영길(豊本英吉), 국본수송(國本秀松)"
710,다른,7,6,"김승일(金承一), 이구덕(李九德), 이태우(李太雨), 권명주(權明周), 이정(李정), 송천경(宋遷景)"
711,매진,7,6,"부영황(富永晃), 금주수의(金洲守誼), 금광성항(金光成恒), 낭산정섭(郎山正燮), 화전유항(和田有恒), 금원이정(金原二正)"
712,총재,7,6,"박원식(朴原植), 김찬규(金燦奎), 장현식(張鉉軾), 민강(閔慷), 송재호(宋在浩), 김고열(金高說)"
713,우송,7,6,"김유문(金裕問), 임원성(林元星), 임양재(任良宰), 이건태(李建台), 차해규(車海奎), 김기수(金麒壽)"
714,개설,7,4,"안병석(安秉石), 김도흠(金道欽), 손광채(孫光采), 유훈상(柳勳相)"
715,항쟁,7,4,"임부득(任富得), 여도현(呂道鉉), 원정상(元正常), 김몽길(金夢吉)"
716,폐점,7,2,"김수길(金秀吉), 이동욱(李東旭)"
717,구부,7,3,"김수길(金秀吉), 김우약(金禹若), 장래주(張來周)"
718,상호,7,4,"김희균(金熙均), 김태규(金泰珪), 이병철(李秉澈), 민강(閔강)"
719,주택,7,4,"이여종(李呂鍾), 이두영(李斗榮), 김혁근(金赫根), 유진홍(兪鎭弘)"
720,획득,7,6,"임주홍(林周弘), 우전창원(宇田昌源), 임종근(林鍾根), 방산용모(方山容模), 현덕균(玄德均), 횡전융웅(橫田隆雄)"
721,교리,7,5,"조병훈(曺秉勳), 한병익(韓秉益), 안규진(安圭晉), 이태우(李太雨), 원변호찬(原邊鎬燦)"
722,국민회,7,3,"유봉춘(兪鳳春), 정세충(鄭世忠), 전홍섭(全洪燮)"
723,공산당,7,3,"허윤섭(許允燮), 유축운(柳丑運), 이종익(李種益)"
724,이란,7,3,"장병준(張炳俊), 조명원(趙明元), 이동욱(李東旭)"
725,친일,6,6,"김병환(金○煥), 이성우(李成宇), 곽영조(郭永祚), 강상진(姜詳振), 김재수(金在洙), 최성규(崔成奎)"
726,대동,6,3,"강원원길(江原源吉), 산본기웅(山本起雄), 신석창(辛錫昌)"
727,전주,6,6,"유돌기(柳乭基), 신농신홍(神農信洪), 김만남(金萬南), 백낙주(白樂柱), 이갑진(李甲辰), 강응화(姜應化)"
728,승낙,6,5,"이승호(李丞浩), 김충규(金忠圭), 고산흠장(高山欽藏), 전종진(全鍾晉), 김형로(金瀅櫓)"
729,파견,6,4,"공세영(孔世榮), 송강선(宋岡瑄), 김연상(金演相), 박내홍(朴來洪)"
730,도주,6,4,"김주한(金周翰), 향원창한(香原昌翰), 광전정남(光田政男), 김도지(金道知)"
731,문과,6,4,"김철(金澈), 이도건(李道健), 홍석민(洪錫民), 권태은(權泰殷)"
732,그때,6,5,"평소상권(平沼相權), 금곡수수(金谷秀樹), 옥강형근(玉岡炯根), 송천영은(松川永垠), 죽천태한(竹川泰漢)"
733,봉기,6,6,"이정로(李鼎魯), 김재순(金在珣), 안전한옥(安田漢玉), 창해양주(蒼海良舟), 목전백중(木田百仲), 금원영규(金原永圭)"
734,제의,6,6,"김영기(金榮基), 임주홍(林周弘), 김낙구(金樂九), 이돈호(李暾浩), 최두환(崔斗煥), 김형칠(金衡七)"
735,학원,6,4,"여도현(呂道鉉), 최용복(崔容福), 김승한(金承翰), 김몽길(金夢吉)"
736,정책,6,3,"김병규(金柄奎), 민태원(閔泰瑗), 김태순(金兌淳)"
737,한인,6,5,"좌행옥(左行玉), 김종구(金鐘耉), 김석(金晳), 김운배(金○培), 문봉기(文奉祺)"
738,인민,6,4,"김성호(金聖灝), 김의홍(金義弘), 박세건(朴世鍵), 조동룡(趙東龍)"
739,면민,6,4,"박중옥(朴中玉), 김순연(金順淵), 조아당(趙亞當), 김용문(金用文)"
740,신앙,6,6,"한진환(韓眞煥), 김영근(金英根), 김유호(金維鎬), 지명한(池明漢), 김진호(金鎭鎬), 서석주(徐錫柱)"
741,취하,6,4,"현기언(玄基언), 조성은(趙成殷), 김영기(金榮基), 평전분(平田粉)"
742,저작,6,3,"이춘봉(李春鳳), 이봉순(李鳳舜), 김응집(金應集)"
743,재건,6,3,"행산원흥(幸山源興), 이우성(李愚誠), 김철주(金轍柱)"
744,경성,6,6,"이동찬(李東贊), 김형국(金衡國), 정원호(鄭源浩), 윤태환(尹泰煥), 채응수(蔡應洙), 안경춘(安敬春)"
745,모의,6,3,"이내성(李乃城), 임희수(林嬉洙), 류인수(柳仁秀)"
746,선언,6,4,"이영화(李永華), 한병표(韓炳豹), 조종목(趙鍾穆), 장찬진(張燦鎭)"
747,천황,5,4,"강동효(姜東孝), 송본광홍(松本光弘), 박기래(朴琪來), 원정상(元正常)"
748,계룡산,5,2,"정본삼정(鄭本森政), 강원원길(江原源吉)"
749,장소,5,5,"방대덕(方大德), 염현두(廉鉉斗), 한진교(韓震敎), 강형무(姜瑩武), 문원홍(文原洪)"
750,인심,5,5,"이병철(李丙哲), 횡산남두(橫山南斗), 공수명(孔壽命), 완산정만(完山廷萬), 김두옥(金斗玉)"
751,의식,5,4,"광전염규(廣田濂奎), 부춘창수(富春昌樹), 궁본승묵(宮本勝默), 유재기(劉載奇)"
752,잡지,5,3,"한장희(韓長禧), 윤응념(尹應念), 권병희(權炳熙)"
753,설치,5,5,"김희중(金熙重), 진종완(陳宗琓), 권창순(權昌順), 이춘구(李春九), 김창렬(金昌洌)"
754,난입,5,5,"김석봉(金石鳳), 이신규(李藎珪), 김경성(金慶星), 서상석(徐象錫), 한창호(韓昌鎬)"
755,비품,5,5,"김석봉(金石鳳), 이신규(李藎珪), 김경성(金慶星), 서상석(徐象錫), 한창호(韓昌鎬)"
756,도식,5,4,"김응두(金應斗), 정영업(鄭永業), 김관신(金觀新), 이보식(李輔植)"
757,퇴학,5,4,"조재득(趙再得), 암성금자(岩城錦子), 김금연(金錦연), 김귀선(金貴先)"
758,삐라,5,5,"김규응(金圭鷹), 이재연(李載淵), 윤길룡(尹吉龍), 이삼희(李三喜), 김월석(金月石)"
759,상륙,5,3,"신정종범(新井鍾範), 청수창길(淸水昌吉), 김기형(金璂瀅)"
760,총독부,5,3,"이환기(李煥器), 김백옥(金白玉), 채홍인(蔡鴻仁)"
761,절대,5,2,"김병남(金丙男), 이의종(李義鍾)"
762,원단,5,3,"김성호(金聖灝), 박세건(朴世鍵), 유근복(劉根馥)"
763,대표,5,3,"김연상(金演相), 차상진(車相晋), 배치문(裵致文)"
764,최용,5,3,"김인묵(金仁默), 최돈영(崔燉瑛), 한의룡(韓義龍)"
765,중앙,5,4,"박문구(朴文龜), 이계창(李桂昌), 김희문(金喜文), 박만갑(朴萬甲)"
766,건조물,5,3,"류준규(柳俊奎), 최경학(崔敬鶴), 박용간(朴龍幹)"
767,소화,5,3,"심응주(沈應宙), 박충권(朴忠權), 문평경호(文平京浩)"
768,군부,5,5,"박종욱(朴宗郁), 전도영(全道榮), 오기준(吳琪準), 안태현(安泰現), 변남조(邊南調)"
769,살해,5,3,"박희빈(朴熙彬), 정세충(鄭世忠), 이천탁(李天鐸)"
770,파손,5,1,배방간(裵方干)
771,비용,5,2,"이규성(李圭聲), 신화수(申華秀)"
772,휴교,5,4,"이용도(李龍道), 유원남(兪元男), 최영섭(崔泳燮), 이한성(李漢聖)"
773,청취,5,2,"풍전실(豊田實), 정찬주(鄭贊周)"
774,건설,4,3,"강원원길(江原源吉), 이화영(李華永), 김만유(金萬有)"
775,지배,4,4,"박기래(朴琪來), 원변호찬(原邊鎬燦), 광뢰용순(廣瀨龍順), 유원종남(柳原鍾湳)"
776,불만,4,2,"풍본영길(豊本英吉), 국본창근(國本蒼根)"
777,구입,4,3,"윤태환(尹泰煥), 금궁길만랑(金宮吉萬郞), 안경춘(安敬春)"
778,기관지,4,3,"유용한(柳龍翰), 표인성(俵仁性), 금택순룡(金澤順龍)"
779,독서,4,4,"이갑두(李甲斗), 김규복(金圭福), 박정은(朴正殷), 김영만(金永萬)"
780,대항,4,2,"전종진(全鍾晉), 김기용(金基用)"
781,혁명,4,3,"이학종(李學種), 김사용(金司鏞), 이초생(李初生)"
782,함북,4,4,"오수룡(吳壽龍), 천기수(千奇秀), 한병필(韓秉필), 김사익(金士翼)"
783,상점,4,1,김수길(金秀吉)
784,노력,4,4,"최현(崔鉉), 안형섭(安炯燮), 박만춘(朴萬春), 김영재(金永才)"
785,전부,4,2,"김원벽(金元壁), 신농신홍(神農信洪)"
786,강도,4,3,"유창목(兪昌穆), 김익곤(金益坤), 향원창한(香原昌翰)"
787,고관,4,4,"진석린(陳錫麟), 김제(金濟), 이재곤(李在坤), 방달홍(方達泓)"
788,요구,4,3,"김충규(金忠圭), 전병희(全炳熙), 이창운(李昌雲)"
789,청년회,4,4,"최성환(崔星煥), 이상윤(李相潤), 맹두은(孟斗恩), 백희원(白熺元)"
790,함흥,4,2,"한진만(韓鎭萬), 박상보(朴相甫)"
791,허영,4,1,최경로(崔敬老)
792,일본제국,3,3,"서원건웅(西原健雄), 고산종근(高山鍾根), 백천상기(白川湘基)"
793,설교,3,3,"송본종근(宋本琮根), 국본수송(國本秀松), 양산재만(陽山在萬)"
794,일본인,3,3,"양주홍(梁柱烘), 김상진(金尙珍), 국촌병무(菊村秉茂)"
795,참석,3,3,"김명건(金明健), 이동혁(李東赫), 김윤하(金允河)"
796,전파,3,2,"김병규(金柄奎), 전덕수(全德洙)"
797,노동자,3,3,"김병창(金秉昌), 조홍기(趙鴻基), 이재복(李在福)"
798,출경,3,3,"김세훈(金世勳), 김영순(金永淳), 허봉하(許奉河)"
799,게시,3,3,"김영원(金榮遠), 신봉두(申奉斗), 이대흥(李大興)"
800,일부,3,2,"암본용현(岩本勇賢), 김일곤(金日坤)"
801,고위,3,3,"조병훈(曺秉勳), 김지협(金知協), 조하승(曺河承)"
802,대회,3,2,"이봉룡(李鳳龍), 김태순(金兌淳)"
803,통신,3,2,"김한(金翰), 상산병하(常山炳夏)"
804,현재,3,3,"중천원조(中川原助), 주본정부(朱本正夫), 동우실(董祐實)"
805,고려,3,3,"최성환(崔星煥), 맹두은(孟斗恩), 전병희(全炳熙)"
806,폭발,3,2,"무본강지(武本江之), 삼산명호(森山明鎬)"
807,종로,3,2,"차상진(車相晋), 박성행(朴聲行)"
808,조선일보,3,3,"하강의화(下岡義和), 유웅경(劉熊慶), 송필학(宋必鶴)"
809,입수,3,3,"윤태환(尹泰煥), 최봉길(崔鳳吉), 안경춘(安敬春)"
810,미륵,3,3,"양원계초(良元啓超), 원변호찬(原邊鎬燦), 조일두생(朝日斗生)"
811,공산,3,3,"이봉길(李奉吉), 최성환(崔星煥), 허정암(許正巖)"
812,항일,3,1,이시중(李時重)
813,회복,3,1,최경학(崔敬鶴)
814,위원회,3,3,"허재선(許在先), 최남규(崔南奎), 허정암(許正巖)"
815,방송,3,1,풍전실(豊田實)
816,수신기,3,1,풍전실(豊田實)
817,취임,2,2,"고일청(高一淸), 신규식(申圭植)"
818,계급,2,2,"박사직(朴思稷), 국본충의(國本忠義)"
819,계몽,2,2,"송원춘기(松原春基), 금원이정(金原二正)"
820,도교,2,1,금정경식(金井景軾)
821,취의,2,1,김교상(金敎爽)
822,회의,2,2,"김종일(金宗日), 김낙영(金洛永)"
823,반대,2,1,김범수(金範洙)
824,결의,2,2,"김복식(金福植), 정금동(丁今同)"
825,기타,2,2,"한장희(韓長禧), 김시중(金時中)"
826,지부,2,2,"김월석(金月石), 윤길룡(尹吉龍)"
827,호소,2,2,"이정로(李鼎魯), 김재순(金在珣)"
828,실탄,2,1,김정욱(金貞郁)
829,거절,2,1,김정욱(金貞郁)
830,교주,2,2,"진석린(陳錫麟), 김제(金濟)"
831,공사,2,1,김중문(金重文)
832,결속,2,1,김형기(金炯璣)
833,김가진,2,1,김형도(金亨道)
834,잠입,2,2,"이춘구(李春九), 김희중(金熙重)"
835,불법,2,1,덕산희영(德山僖英)
836,강의,2,2,"이원복(李遠福), 동우실(董祐實)"
837,동소,2,2,"홍득린(洪得麟), 문정환(文廷煥)"
838,지위,2,2,"박경래(朴京來), 송본광홍(松本光弘)"
839,적국,2,1,방강실(芳岡實)
840,대동아전쟁,2,2,"백천상기(白川湘基), 유제탁(柳帝鐸)"
841,조선군,2,1,복정정일(福井正一)
842,비어,2,1,선원기평(善元基平)
843,조선총독부,2,2,"안학수(安學洙), 송원문헌(松原文憲)"
844,기입,2,2,"청산을규(靑山乙圭), 송재옥(宋在玉)"
845,폐간,2,2,"하강의화(下岡義和), 송필학(宋必鶴)"
846,근절,2,2,"하강의화(下岡義和), 송필학(宋必鶴)"
847,영수증,2,1,신화수(申華秀)
848,적기가,2,1,암본용현(岩本勇賢)
849,간부,2,1,양주흡(梁周洽)
850,함남,2,1,염처학(廉處學)
851,여운형,2,1,오건영(吳建泳)
852,제창,2,2,"원준서(元俊瑞), 윤명복(尹命福)"
853,성비,2,1,유근성(柳根成)
854,불평,2,2,"조성행(趙聖行), 유영창(柳永昌)"
855,기하,2,1,유흥주(劉興柱)
856,불응,2,1,유흥주(劉興柱)
857,서서,2,2,"윤영규(尹寧圭), 최복석(崔復錫)"
858,안창호,2,2,"이병규(李秉珪), 이철응(李喆應)"
859,정부령,2,1,이춘균(李春均)
860,마르크스,2,1,임부득(任富得)
861,모자,2,1,임승환(任勝煥)
862,금품,2,1,임은성(林銀星)
863,대구,2,1,장용암(張龍岩)
864,해외,2,1,조승명(趙承明)
865,일사,2,1,최형식(崔亨植)
866,재판,1,1,강원도린(江原道麟)
867,당국,1,1,강찬희(姜讚熙)
868,소화천황,1,1,공본복순(孔本福順)
869,동단,1,1,권창순(權昌順)
870,입장,1,1,금곡수수(金谷秀樹)
871,즉시,1,1,김상린(金尙린)
872,야학,1,1,김상순(金尙順)
873,임시,1,1,김석로(金錫魯)
874,천리,1,1,김윤희(金允熙)
875,신의주,1,1,김의선(金義璇)
876,원서,1,1,김창숙(金昌淑)
877,조선청년총동맹,1,1,김창한(金昌漢)
878,매일,1,1,김해술(金海述)
879,출현,1,1,목원관복(木元寬復)
880,정도,1,1,박사직(朴思稷)
881,연맹,1,1,박충권(朴忠權)
882,해결,1,1,산본기종(山本基鍾)
883,문화,1,1,송예묵(宋禮默)
884,동아일보,1,1,유극창(柳極昌)
885,추적,1,1,유촌도신(柳村道信)
886,천도교인,1,1,윤규호(尹圭祜)
887,수천,1,1,윤내진(尹來鎭)
888,해방운동,1,1,이봉룡(李鳳龍)
889,내란,1,1,이윤조(李潤潮)
890,신우,1,1,이준희(李俊熙)
891,타도,1,1,이창업(李昌業)
892,부위,1,1,이창하(李昌河)
893,밀정,1,1,정세충(鄭世忠)
894,각도,1,1,정효룡(鄭孝龍)
895,본부,1,1,차해규(車海奎)
896,봉산,1,1,채희각(蔡凞覺)
897,진회,1,1,풍천원빈(豊川元彬)
898,계림공,1,1,풍천원빈(豊川元彬)
899,분쟁,1,1,풍천원빈(豊川元彬)
900,집행,1,1,허재환(許在煥)
901,고등,1,1,황용연(黃龍淵)
