키워드,키워드_빈도
성내동,343
한국,298
만세,267
부근,258
발포,212
동시,210
절구,196
고창,163
조선,156
장날,149
강령,146
소각,146
공명,146
태극기,145
시위운동,141
기물,138
집합,128
도읍,123
제위,123
출자,123
훼기,122
건물,122
훼손,121
동맹,121
군중,120
주민,112
독립,111
정치,110
독립선언서,101
배부,100
찬성,98
행진,98
방해,96
변혁,95
파고다,92
읍내,91
공원,91
외치,91
공산주의,91
독립운동,90
재소,89
중국공산당,89
입당,89
광분,82
시장,82
파리,81
치안,81
희망,80
목적,79
가입,76
손병희,76
순사,76
편항,76
면사무소,76
부인,75
불온,74
이유석,72
취지,72
이희,72
원곡면,72
명과,72
민족,71
배포,70
사유재산제,70
공산혁명,69
여명,69
협박,68
민중,67
부내,67
조선민족,67
정거장,67
라우,67
미수,67
운동,66
강화,65
등사,65
구한국,65
조선인,64
제작,64
국기,63
남대문,62
대의,61
비밀리,61
한자,60
모집,60
자금,59
배일,59
영향,59
불꽃,59
민족자결,58
군자금,56
경찰서,56
다수,56
구타,53
전개,52
소리,52
동지,51
경성부,50
창수,49
절규,49
각지,49
천도교,49
공문서,49
마을,48
시위,47
광주,47
피고,46
헌병,45
원산부,45
친일파,45
깃발,44
학교,42
도교도,41
보부상,41
선동,41
혈전,41
독립신문,41
다중,41
정의,41
정오,41
실형,41
참가,40
낭독,40
결정,40
인도,40
경찰,40
원내,40
발표,39
교부,39
예배당,38
침입,38
가담,36
자고,36
최창룡,36
선언문,36
교사,36
이강,35
장학,35
동리,35
한용운,35
주동,34
광복회,34
태을선,33
폭행,33
권유,32
창설,32
계획,32
사람,32
언동,31
시도,31
뒷산,31
황해도,31
신용,31
폐제,31
출원,31
민주주의,31
상이,31
생도,31
우편,30
신흥,30
방법,30
우리,30
평화,30
세계,29
수십,29
동참,29
발동,29
찬동,29
위해,29
저지,29
연호,28
허가,28
동포,28
내용,28
장애,28
선인,28
수명,28
병주,28
인쇄물,27
야구,27
광삼,27
환등,27
출판,27
도로,27
이진형,27
황도,27
가지,27
패배,27
사실,26
역전,26
고취,26
사상,26
기회,26
조직,25
제공,25
만국,25
해산,25
경찰관,25
공립,25
일반인,25
권총,24
사건,24
교도,24
전국,24
공공,24
전차,24
높이,24
지휘,24
수백,24
자유민,24
서적,24
복사,24
해방,24
대내,24
경선,23
퇴장,23
신도,23
폭등,23
병기,23
상해,23
차례,23
단원,23
청소년,23
일본,23
평등,23
여러,23
하자,23
만주,22
오후,22
해주군,22
발송,22
지원,22
협의,22
공무,22
직무,22
진압,22
위협,22
결투,22
이탈,22
학생,22
상원,22
문서,22
연설,22
문학,22
연통제,22
선언서,22
독립군,21
선천,21
파기,21
야기,21
인쇄,21
서로,21
거부,21
안녕,21
시내,21
명의,21
인식,21
공동,21
투쟁,21
행위,21
관청,21
지나,21
탐독,20
취야리,20
수취,20
송부,20
쟁취,20
활동,20
사창,20
문단,20
강요,20
동민,20
독립선언,20
간도,20
보고,20
도착,19
일이,19
계속,19
기초,19
부동,19
행동,19
기숙사,19
조달,19
암살,19
종교,19
문제,19
용서,19
사용,19
조선공,19
회합,19
반포,19
도모,19
고문,19
무죄판결,19
가맹,19
휴대,19
선전,18
유포,18
소요,18
살포,18
군사,18
김일성,18
하나,18
로써,18
점거,18
행정명령,18
요지,18
장안,18
문헌,18
선두,18
송산면,18
일경,18
국내,18
생각,18
상고,18
대한,18
가마,18
위군,18
의견,18
포교,18
보통학교,18
기재,17
입교,17
폭탄,17
저술,17
군산,17
남산,17
국체,17
참례,17
북면,17
지시,17
소비에트,17
첨부,17
출장소,17
강탈,17
원조,17
기와,17
민가,17
동면,17
조선총독,17
정무총감,16
민족주의,16
영명,16
자유,16
투석,16
횡행,16
감리교회,16
안동,16
검거,16
혜성,16
각각,16
구화,16
동맹회,16
문명,16
개성,16
성진군,16
장앞,16
애국,16
전달,16
귀가,16
청년,16
세포,16
독립시,16
보관,16
인솔,16
평남,16
선도,15
스트라이크,15
곤봉,15
단천,15
사수,15
주년,15
승인,15
조합,15
외교,15
국민,15
국제,15
호창,15
교회,15
주괘주,15
수진,15
신자,15
유인,15
면내,15
위기,15
가정부,15
노래,15
공채,15
태을교,15
모닥불,15
태극,15
실행,15
거행,15
대서,15
동부,15
노상,15
의무,15
총기,15
허위,15
게양,15
각자,15
작성,15
개시,15
질서,15
시경,15
이용,15
교정,15
내의,15
통행,15
의문,15
기독교,15
정상,15
대표자,15
교실,14
출금,14
제목,14
공모,14
전신,14
거듭,14
탈취,14
학회,14
타인,14
물자,14
준비,14
노동,14
청림,14
제국,14
거주지,14
재림,14
그룹,14
백매,14
거사,14
일로,14
전이,14
조리,14
군내,14
노동조합,14
폭파,14
전쟁,14
도중,14
클럽,13
밀양,13
학생운동,13
정평,13
탄압,13
관헌,13
설립,13
사립,13
대한민국,13
적포,13
약소민족,13
무죄,13
지방,13
사령,13
입단,13
신통력,13
신덕,13
연구,13
강진,13
임시정부,13
패전,13
미국,13
라며,13
석방,13
앙양,13
우편국,13
증거불충분,13
날로,13
주력,13
박인호,13
솔선,13
약속,13
창가,13
격투,13
농민,13
대하,13
사무소,13
보이,13
정서,13
괴산,13
출판물,13
전하,13
규합,13
이감,13
집단,13
형무소,13
치안유지법,13
승리,12
정렬,12
방조,12
독판부,12
도록,12
산화,12
합의,12
파출소,12
목동,12
일제,12
게시판,12
공갈,12
장진군,12
토리,12
총장,12
대한국,12
서면,12
광고,12
진력,12
주최,12
보급,12
위원,12
구장,12
숭일,12
사기,12
학년,12
예수교,12
로서,12
소동,12
신간회,12
다음,12
달성,12
십수,12
지나사변,12
북청,12
충돌,12
발행,12
민회,12
포고,12
중국,12
국가,12
교육,12
대우,12
부호,12
협조,12
조력,12
기도,12
서류,12
주의,12
천만,12
정리,11
정부,11
일본군,11
성리,11
다시,11
동우회,11
국치,11
의사,11
샌프란시스코,11
근무,11
단체,11
연락,11
공보,11
주장,11
행복,11
군수,11
궐기,11
정규,11
시국,11
모두,11
참여,11
서당,11
환영,11
실력,11
보전,11
격문,11
주재,11
임명,11
증서,11
평양,11
설명,11
방면,11
차별,11
단결,11
고양,11
대가,11
수령,11
선포,11
칭하,11
상해임시정부,11
자택,11
회원,11
축하,11
일행,11
경주,11
위조,11
정기,11
관리,11
김좌진,11
성화,11
유리,11
진남,11
로부터,10
국장,10
암시장,10
결행,10
계로,10
방화,10
내무,10
태평양,10
논의,10
경북,10
고무,10
새벽,10
에베소,10
활성화,10
중경,10
백장,10
곡산,10
원수,10
대한문,10
적색,10
교장,10
존신,10
태백산,10
붙이,10
표방,10
종사,10
소로,10
표면,10
산위,10
신창면,10
운집,10
전화선,10
트리,10
상황,10
알리,10
곡리,10
평북,10
은닉,10
부수,10
이번,10
인천,10
임정,10
교구장,10
참살,10
투사,10
확신,10
필요성,10
구국,10
경유,10
반드시,10
자극,10
협력,10
변전,10
경비,10
열망,10
종이,10
압회,10
중과,10
의주군,10
비단,10
일금,9
영국,9
졸병,9
지도,9
윌슨,9
이태왕,9
신문,9
신봉,9
전남,9
조선어,9
군청,9
유리창,9
연합,9
광복,9
실천,9
서문,9
통지서,9
수행,9
유영주,9
달라,9
교양,9
포위,9
국민대회,9
자로,9
밀고,9
의뢰,9
무기,9
상업,8
점령,8
제도,8
체포,8
납부,8
의열단,8
한일합병,8
조선공산당,8
집기,8
러시아,8
노예,8
습격,8
사회,8
모금,8
비밀,8
주입,8
회보,8
제지,8
기사,8
좌익,8
이름,8
실현,8
납세,8
결사,8
거주,8
독립국,8
제출,8
담당,8
해남,8
우송,7
보천교,7
총독,7
구부,7
항쟁,7
호응,7
매진,7
상호,7
주택,7
개설,7
다른,7
이란,7
교리,7
나라,7
폐점,7
획득,7
압박,7
국민회,7
공산당,7
총재,7
정책,6
저작,6
파견,6
전주,6
도주,6
경성,6
재건,6
모의,6
승낙,6
선언,6
문과,6
그때,6
면민,6
취하,6
대동,6
신앙,6
봉기,6
한인,6
인민,6
친일,6
제의,6
학원,6
상륙,5
절대,5
군부,5
비품,5
비용,5
장소,5
도식,5
중앙,5
삐라,5
퇴학,5
소화,5
휴교,5
건조물,5
대표,5
계룡산,5
천황,5
총독부,5
살해,5
파손,5
난입,5
원단,5
인심,5
의식,5
설치,5
최용,5
잡지,5
청취,5
함흥,4
지배,4
강도,4
전부,4
상점,4
불만,4
대항,4
혁명,4
기관지,4
함북,4
허영,4
독서,4
구입,4
청년회,4
요구,4
고관,4
노력,4
건설,4
통신,3
고려,3
현재,3
일본제국,3
고위,3
대회,3
미륵,3
종로,3
폭발,3
입수,3
수신기,3
항일,3
공산,3
설교,3
출경,3
노동자,3
전파,3
일본인,3
조선일보,3
위원회,3
회복,3
방송,3
일부,3
참석,3
게시,3
근절,2
서서,2
정부령,2
함남,2
잠입,2
대동아전쟁,2
도교,2
취임,2
해외,2
반대,2
계몽,2
기타,2
지부,2
계급,2
기입,2
비어,2
조선총독부,2
조선군,2
일사,2
폐간,2
결의,2
지위,2
안창호,2
제창,2
영수증,2
금품,2
기하,2
적국,2
적기가,2
여운형,2
마르크스,2
대구,2
간부,2
취의,2
교주,2
공사,2
동소,2
불응,2
모자,2
불평,2
성비,2
김가진,2
강의,2
결속,2
불법,2
회의,2
거절,2
호소,2
실탄,2
야학,1
즉시,1
소화천황,1
임시,1
신의주,1
천리,1
재판,1
당국,1
해결,1
문화,1
수천,1
각도,1
봉산,1
본부,1
밀정,1
동단,1
원서,1
조선청년총동맹,1
매일,1
입장,1
정도,1
신우,1
해방운동,1
출현,1
타도,1
부위,1
내란,1
동아일보,1
추적,1
연맹,1
천도교인,1
진회,1
계림공,1
분쟁,1
집행,1
고등,1
