index,키워드,키워드_빈도,포함_인물_수,포함_문장_수,포함_문장
0,성내동,343,39,4,"성내동에서 이천여명의 군중과 같이 한국독립만세를 부르고 시장 부근을 행진하였다.
성내동 시장에서 군중과 태극기를 휘날리며 한국독립만세를 외치며 행진하였고 각 관공서를 습격하여 기물을 파괴, 훼손하였다.
성내동에서 이천여명의 군중과 같이 한국독립만세를 부르고 시장 부근을 행진하며 각 관공서에 난입하여 기물 파기, 비품훼손을 하며 해산거부를 하고 한국독립만세를 고창하며 성내동 시장 부근을 행진하였다.
성내동 시장에서 군중과 함께 태극기를 휘날리며 한국독립만세를 외치며 행진하였다."
1,한국,298,97,36,"이정규 등에게 영덕읍내 시장에서 한국독립만세를 외치자 선동하여 집단을 이루어 함께 한국독립만세를 절규하였다.
성내동에서 이천여명의 군중과 같이 한국독립만세를 부르고 시장 부근을 행진하였다.
군중과 함께 한국독립만세를 외치며 행진하며 시위운동을 하였다.
대정 8년 3월 어느 날 경상북도 경주군 경주읍내에서 군중과 함께 한국독립 시위운동의 목적으로 한국독립만세를 외쳤고, 신용보험료 등 공공요금을 수 회 편취, 사용하였다.
다중의 단체와 함께 한국독립만세를 외쳤다.
사촌동에서 20여명과 같이 한국독립만세를 연호하였다.
군중과 같이 한국 독립만세 시위운동으로 독립만세를 고창하며 안평면내 마을을 행진하였다.
18일 밤 의성시장으로부터 귀도에 안평면 신월동에서 이화실이 인솔하는 군중에 참가하여 함께 한국독립만세를 연창하면서 동내를 대열을 지어서 당당하게 행진하였다.
태극기를 흔들며 한국독립만세를 외치며 행진하였다.
한국독립만세시위운동으로 군중들과 같이 대한독립만세를 고창하였다.
군중과 함께 한국독립만세를 연호하면서 각 동을 행진하였다.
성내동에서 이천여명의 군중과 같이 한국독립만세를 부르고 시장 부근을 행진하며 각 관공서에 난입하여 기물 파기, 비품훼손을 하며 해산거부를 하고 한국독립만세를 고창하며 성내동 시장 부근을 행진하였다.
한국독립만세를 함께 고창할 것을 권유하자 이에 응하여 송내동에서 대한독립만세를 고창하였다.
예수교인으로 한국독립만세시위운동으로 태극기를 흔들며 대한독립만세를 고창하였다.
사촌동에서 태극기를 들고 점곡순사주재소에 이르러 한국독립만세를 연호하였다.
집합한 다수의 군중과 함께 한국독립만세를 불렀다.
백여명 군중과 함게 한국독립만세를 연호하며 대열을 지어 행진하였다.
독립만세 시위운동의 군중과 같이 한국독립만세를 외쳤다.
한국독립시위운동을 위하여 태극기를 제작하여 한국독립만세를 부르자 선동하였다.
한국독립만세를 함께 고창할 것을 권유하자 이에 응하여 사촌동에서 대한독립만세를 고창하였다.
점곡주재소 앞 십자로에서 백여 명의 군집과 함께 한국독립만세를 고창하였다.
완전동 노영수의 집에 모여 태극기를 게양하고 한국독립만세를 고창하였다.
사촌동 중앙도로에서 군중들과 같이 한국독립만세를 고창하였다.
한국독립 시위운동을 목적으로 한국독립만세를 고창할 것을 선동, 행진하며 독립만세를 고창하였다.
덕산정 시장에서 많은 조선인과 함께 태극기를 흔들며 한국독립만세를 외치며 시위운동을 하였다.
군중들에게 한국독립만세를 고창하도록 선동하여 함께 고창하였다.
성내동 시장에서 군중과 함께 태극기를 휘날리며 한국독립만세를 외치며 행진하였다.
태극기를 만들어 국기를 가지고 원평리 시장의 군중 안에서 한국독립만세를 외쳤다.
3.1운동으로 파고다공원에서 한국독립시위운동으로 군중과 같이 독립만세를 연호하였고, 동화사에서 지방학림생도들에게 각지에서 기독교, 천도교도, 학생 등이 한국독립만세를 외치는데, 독립시위운동 할 것을 선동 권유하였다.
조선독립선언서, 공약서 등을 인쇄하여 양산읍내 시장에서 배포하고 군중을 선동하여 함께 한국독립만세를 부르며 군청까지 쇄도하였다.
남창리 시장에 모인 군중과 함께 솔선하여 한국독립만세를 외쳤다.
동민과 함께 한국독립만세를 연호하면서 각  동을 행진하다
한국독립을 목적으로 군중들과 같이 만지시장에서 한국독립만세를 연호하였다.
20여명과 함께 한국독립만세 연호하며 대열을 지어 행진하였다.
석탑동 동내의 밭에서 함께 한국독립만세를 외쳤다.
미대동 여봉산에서 독립시위운동으로 한국독립만세를 연호하였다."
2,만세,267,209,117,"사람들이 집문 앞을 지나면서 조선독립만세를 외쳐 조선인으로 따라가 함께 만세를 외쳤다.
군중들과 같이 선동하여 독립만세시위운동으로 독립만세를 고창하였다.
조선독립만세를 불러 치안을 방해 한 자이다.
조선독립만세 소리를 듣고 군중과 함께 조선독립만세를 고창하였다.
인근 동민들과 함께 뒷산에 올라 조선독립만세를 불렀다.
군중과 같이 조선독립만세를 고창하였다.
제천시장에서 군중을 선동하여 독립만세시위운동으로 독립만세를 고창하였다.
대주훈련소에서  독립만세를 부르며 도망치던 조선인을 돌로 쳐서 죽였다.라고 하였다.
조선인으로 조선독립만세를 부른 자이다.
주민들을 모집하여 조선독립만세를 주창하였다.
내종리 시장에서 조선독립만세를 고창하였다.
시장에서 군중들이 조선독립만세를 부르는데 참가하여 만세를 불렀다.
조선국이 독립을 하기 위해서는 먼저 독립만세를 불러야 한다고 교사하였다.
한국독립만세시위운동으로 군중들과 같이 대한독립만세를 고창하였다.
헌병분견소에서 독립만세를 고창하였다.
조선독립만세도 부른 적도 없고 증거도 없는데 처벌받아 상고하였다.
조선독립만세를 부르며 행진하였다.
군중들과 같이 독립만세시위 운동으로 독립만세를 고창하였다.
군중과 같이 독립만세운동을 하였다.
용천군 양시장날 시장에서 2,3천명과 함께 조선독립만세를 불렀다.
1919년 3월 15일 다수와 함께 조선독립만세를 부른 자이다.
석암리 시장의 군중이 오늘은 대한독립의 날로 일반시민은 만세를 부르라는 하여 만세를 불렀다.
마을 뒷산에서 조선독립만세시위운동으로 군중과 같이 독립만세를 고창하였다.
열린 시장에서 군중들과 같이 대한독립만세라고 쓴 기를 흔들며 조선독립만세를 외쳤다.
군중과 함께 조선독립만세를 고창하였다.
온정시장에 시민들이 모여 조선독립만세를 외치자 참가하여 함께 만세를 외쳤다.
시민들이 하나같이 독립만세를 외치자 함께 두세번 만세를 외쳤다.
다수의 사람들과 함께 조선독립만세를 외쳤다.
조선독립을 희망하여 만세를 부르며 독립운동을 하였다.
조선독립운동을 일으는 것에 찬동하여 대한독립만세를 불렀다.
대한독립만세를 고창하고 군중들에게 독립만세를 다같이 높이 부르자고 선동하였다.
조선독립만세를 외쳤다.
주민을 모아서 풍물을 울리며 조선독립만세를 부르며 시위 하였다.
태극기를 흔들며 독립만세를 외쳤다.
천제의 예배 후 조선독립만세를 불렀고 바로 헌병이 와서 포박당하였다.
이능렬과 같이 조선독립만세를 외쳤다.
독립만세 시위운동의 군중과 같이 한국독립만세를 외쳤다.
태극기를 들고 조선독립만세를 고창하였다.
3.1 독립만세운동으로 서로 함께 조선독립만세를 외쳤다.
조선독립만세를 부르라 선동, 협박한 자이다.
사인 장날 임봉학 최경학 등이 와서 조선의 독립을 알리고  만세를 불러 함께 만세를 외쳤다.
조선인으로서 군중과 함께 조선독립만세를 불렀다.
조선독립만세를 부르며 가두행진을 하였다.
오진동에서 모의하여 대천동 운문면사무소 직원에게 협박하여 '대한독립만세'를 수건에  기록하게 하여 군중들과 같이 독립만세시위 운동으로 독립만세를 고창하였다.
시장에서 군중이 자주독립만세를 고창하여 함께 만세를 불렀다.
1919년 3월 11일  덕천군 읍내에서 조선 독립만세를 부른 자이다.
1919년 3월 18일  태극기 20본을 만들어 3월 19일 유천리에서 조선독립만세를 부른 자이다.
조선민족으로서 당연한 의무로 조선독립만세를 불렀다.
태극기를 흔들며 조선독립만세를 고창하였다.
1919년 3월 3일 봉산군 사원면 사리원에서 수백명의 군중과 함께 조선독립만세를 한 자이다.
다중과 함께 조선독립만세를 불렀다.
낙화암에서 독립만세를 고창하였다.
조선독립만세를 불렀다.
주민과 같이 독립만세에 가담하였다.
독립만세시위운동으로 군중들과 같이 독립만세를 고창하였다.
수십명을 선동, 인솔하여 함께 독립만세를 부르며  조선독립만세를 고창하였다.
조선민족으로 독립만세를 한 자이다.
독립만세를 부르는 장소에 참아하여 한마음으로 만세를 불렀다.
좌천동 노상에서 독립만세를 불렀다.
1919년 3월 12일  덕천군 읍내에서 조선 독립만세를 부른 자이다.
조선을 독립시키기 위해 만세를 외쳤다.
만경시장에서 조선독립만세를 외쳤다.
다수 군중과 함께 독립만세를 창화하였다.
많은 군중과 함께 조선독립만세를 고창하였다.
조선민족으로써 조선독립만세를 부른 자이다.
인천공설운동장을 산보 중 야구장 입구 매표소 창구에 로마자로 조선독립만세, 선지일체라고 낙서하였다.
조선독립만세를 외쳤고 33인이 서명한 선언서를 등사하였다.
밀서가 와 확인을 위해 최인식에게 갔다 독립만세를 부를 것라 듣고 국기를 받아 왔으나 돌아와 태워버렸다.
3월 2일 사립보명학교 앞에서 대중과 함께 조선독립만세를 부른 자이다.
군중과 같이 독립만세를 고창하였다.
학생들과 한께 조선독립만세를 외쳤다.
군중들과 같이 조선독립만세를 고창하였다.
예수교인으로 한국독립만세시위운동으로 태극기를 제작하고 대한독립만세라고 써서 의성시장에서 태극기를  흔들며 대한독립만세를 고창하였다.
장에 독립만세의 소리에 각 곳에서 만세를 부르니 당연히 만세를 불러야 한다는 말을 듣고 만세를 부르다 체포되었다.
피고는 조선민족으로 조선독립만세를 부른 자이다.
이달봉의 건유에 응하여 조선독립만세를 불러 치안을 방해한 자이다.
1919년 3월 6일 중화군 간동면 간동장리 장날에서 시장사람과 독립만세를 부른 자이다.
군수의 손에 태극기를 쥐어주고 만세를 부르라 강요, 군수가 만세를 부르자 함께 조선독립만세를 부르는등 치안을 방해한 자이다.
조선독립만세를 부르며 순회하였다. 
은파시장에서 군중과 함께 조선독립만세를 불렀다.
태극기를 흔들고 조선 독립만세를 절규하였다.
대한독립만세라고 태극기를 제작하여 경부선 철로 옆에 걸었다.
나찬흥이 선언서를 부며 조선독립만세를 부르라고 권하여 선언서를 반포하겨 만세를 주도하였다.
시장에서 조선독립만세를 불렀다.
문장리시장에서 군중과 함께 조선독립만세를 외쳤다.
피고는 조선인으로써 조선 독립만세를 부른 자이다.
장날 읍에 갔다가 사람들이 모여 만세를 외치며 조선이 독립하려면 만세를 외쳐야한다고 하여 만세를 한번 부르고 귀가하였다.
독립만세시위운동으로 선동하여 예안시장에서 군중의 틈을 노려 태극기를 휘두르며 독립만세를 외쳤다.
1919년 3월 5일  덕천군 읍내에서 조선 독립만세를 부른 자이다.
제사를 모시기 위하여 사람들이 모여 있던 공동묘지에서 조선독립만세를 외쳤다.
군중 600명과 함께 조선독립만세를 외쳤다.
1919년 3월 8일  덕천군 읍내에서 조선 독립만세를 부른 자이다.
영해면 주재소 앞에서 조선독립만세를 부른 자이다.
군중들과 독립만세를 고창하였다.
조선독립시위운동에 참가하여 만세를 불렀다.
조선독립만세라고 써서 읍내리 도로에서 조선독립만세를 외쳤다.
석탑동 동내의 밭에서 함께 한국독립만세를 외쳤다.
경성의 소식을 듣고 동포 수백인과 조선독립만세를 불렀다.
조선민족으로 군중과 함께 조선독립만세를 불렀다.
조병렬 등에게 이지방에서 독립만세를 부를 것을 권유하였다.
군중과 함께 독립만세를 외쳤다.
조선 각지에서 일어난 독립만세시위운동에 찬성하고 만세를 불렀다.
주민 3십여 명을 선동하여 조선독립만세를 불렀다.
조선민족으로서 의무를 표하기 위하여 조선독립만세를 불렀다.
융희황제북순시 영접용국기30매를 가지고나와 흔들고 주민 십오륙명과 함께 조선 독립만세를 불렀다.
선동한 일도 소요를 일으킨 일도 없이 단지 조선독립만세를 불렀다.
전병운의 집으로 조선독립통지서가 왔다길래 가보니 조선독립이 확실하게 될 것이니 만세를 동창하는 편지에 따라 만세를 불렀다.
낙화암에서 독립만세를 고창하였고, 백화정의 동측 헌주의 외면에다 「조선독립만세」를 낙서를 하였다.
조선독립만세를 호창하였다.
조선호텔 부근 도로에서 여학생이 조선독립만세를 부르다가 끌려가자 격분하여 단독으로 독립만세를 외쳤다.
시민들이 독립만세를 외치자 조선동족으로 함께 독립만세를 외쳤다.
1919년 3월 6일  순안에서 조선독립만세를 불러 치안을 방해 한 자이다.
약목시장에서 장날 모인 다중과 함께 독립만세를 외쳤다.
그리스도 교회당에서 독립만세를 부르자 선동 조선독립만세를 불러 치안을 방해한자이다.
군중들과 같이 독립만세시위운동으로 독립만세를 고창하였다.
나자승 등과 조선독립만세단을 조직 독립만세를 부른 자이다.
주민들과 같이 독립만세시위운동으로 조선독립만세를 소리높여 외쳤다."
3,부근,258,63,9,"함종리 부근의 군중을 선동, 규합하여 대집단을 이루어 태극기를 흔들며 조선독립만세를 부르며 함종읍으로 행진하였다.
성내동에서 이천여명의 군중과 같이 한국독립만세를 부르고 시장 부근을 행진하였다.
성내동에서 이천여명의 군중과 같이 한국독립만세를 부르고 시장 부근을 행진하며 각 관공서에 난입하여 기물 파기, 비품훼손을 하며 해산거부를 하고 한국독립만세를 고창하며 성내동 시장 부근을 행진하였다.
서부동 시장 부근을 걸어서 대한독립만세를  고창하며 행진을 하였다.
서부동 시장 부근을 걸어서 대한독립만세를  고창 연호 하였다.
부근 주민을 선동하여 군중과 같이 조선독립만세를 외쳤다.
수십명의 동교 생도들과 함께 서문 부근에서 시위운동을 일으켜 한국독립만세를 외치며 행진을 하였다.
3십명의 군중과 거주지 면사무소부근에서 조선독립만세를 고창하였다.
조선호텔 부근 도로에서 여학생이 조선독립만세를 부르다가 끌려가자 격분하여 단독으로 독립만세를 외쳤다."
4,발포,212,107,4,"조선독립선언과 동시에 선언서를 발포하여 대한독립만세, 조선독립만세를 절구하며 독립시위운동을 하였다.
조선독립선언과 동시에 선언서를 발포하여 조선독립만세를 부르며 독립시위운동을 하였다.
경성에서 선언서를 발포하고 독립만세를 부른다고 듣고 군중을 선동하여 만세를 불렀다.
경성에서 선언서를 발포하고 독립만세를 부른다고 듣고 이동찬이 선동하자 조선독립만세를 불렀다."
5,동시,210,105,2,"조선독립선언과 동시에 선언서를 발포하여 대한독립만세, 조선독립만세를 절구하며 독립시위운동을 하였다.
조선독립선언과 동시에 선언서를 발포하여 조선독립만세를 부르며 독립시위운동을 하였다."
6,절구,196,98,1,"조선독립선언과 동시에 선언서를 발포하여 대한독립만세, 조선독립만세를 절구하며 독립시위운동을 하였다."
7,고창,163,116,56,"조선독립국이라 쓴 큰 깃발을 흔들며 조선독립만세를 고창하며 선동하였다.
군중들과 같이 선동하여 독립만세시위운동으로 독립만세를 고창하였다.
조선독립만세 소리를 듣고 군중과 함께 조선독립만세를 고창하였다.
군중과 같이 조선독립만세를 고창하였다.
제천시장에서 군중을 선동하여 독립만세시위운동으로 독립만세를 고창하였다.
내종리 시장에서 조선독립만세를 고창하였다.
헌병분견소에서 독립만세를 고창하였다.
언양읍 장날 군중과 함께 조선독립만세를 고창하였다.
군중과 함께 조선독립만세를 고창하며 경성부내를 행진하였다.
친계를 조직하여 조선독립만세를 고창할 서약서를 작성하고 대한독립기를 흔들며 군중에게 조선 각지에서 조선독립 운동이 일어나니 우리도 뜻을 같이하여  조선독립을 외치자라고 선동하며 조선독립만세를 고창하였다.
백 여 명의 군중들과 함께 재덕 헌병 분견소 앞에서 조선독립만세를 고창하였다.
한국독립만세를 함께 고창할 것을 권유하자 이에 응하여 송내동에서 대한독립만세를 고창하였다.
군중과 함께 조선독립만세를 고창하였다.
수명과 함께 횃불에 불을 붙이고 조선독립 만세를 고창 하였다
군중과 함께 태극기를 흔들며 독립만세를 고창하였다.
 학생단이 계획하는 제 2회의 시위운동에 찬동하여 독립기와 적포를 흔들면서 조선독립만세를 고창하는 수백명의 군중과 같이 행진을 하며 조선독립만세를 고창하였다.
경주읍 장날에 많은 군중들과 같이 태극기를 흔들며 대한독립만세를 고창하였다.
신사리 연못가와 당제산에서 모인 수십 명의 군중과 함께 조선독립만세를 고창하다.
태극기를 들고 조선독립만세를 고창하였다.
동민 약 30명과 함께 마전동, 창길동에서 대한독립만세를 고창하였다.
수륜동 만지시장에서 수명과 함께 독립만세를 고창하였다.
하석리에서 다수민중과 독립만세를 고창하였다.
시장에서 군중이 자주독립만세를 고창하여 함께 만세를 불렀다.
동창생의 독립만세고창 권유로 만세고창을 하였다하나 피고는 사실무관을 주장한다.
군중이 조선독립만세를 호창함에 이에 참가하여 고창하였다.
쌍정리 뒷산에서 조선독립만세를 고창하였다.
한국독립만세를 함께 고창할 것을 권유하자 이에 응하여 사촌동에서 대한독립만세를 고창하였다.
태극기를 흔들며 조선독립만세를 고창하였다.
한국독립 시위운동을 목적으로 한국독립만세를 고창할 것을 선동, 행진하며 독립만세를 고창하였다.
낙화암에서 독립만세를 고창하였다.
태극기를 들고 군중과 함께 조선독립만세를 고창하였다.
독립만세시위운동으로 군중들과 같이 독립만세를 고창하였다.
군중들에게 한국독립만세를 고창하도록 선동하여 함께 고창하였다.
읍내를 행진하며 군중과 함께 독립만세를 고창하였다.
읍내에서 군중이 조선독립만세를 고창하자 이에 찬동하여 군중과 함께 독립만세를 고창하였다.
군중과 함께 조선독립만세를 고창하며 읍내를 행진하였다.
군중에 가담하여 대한독립만세를 고창함으로서 치안을 방해하였다.
독립만세를 고창하며 면사무소 집기를 손괴하다.
많은 군중과 함께 조선독립만세를 고창하였다.
군중과 같이 독립만세를 고창하였다.
군중들과 같이 조선독립만세를 고창하였다.
독립시위운동에 가담하여 독립만세를 고창하였다.
조선독립시위운동을 위하여 군중과 함께 조선독립만세를 고창하였다.
3.1만세운동의 수천명의 군중과 같이 조선독립만세를 고창하였다.
군중과 같이 조선 독립시위운동의 방법으로 조선독립만세를 고창하였다.
도로공사 인부에게 조선 독립만세를 부르기를 권유, 선동하여 주민 100명과 함께 죽산 경찰관주재소와 면사무소에 밀고 들어가 함께 조선독립만세를 고창하였고,이튼 날 시장에서 군중과 함께 조선독립만세를 고창하였다.
옷자락으로 조선독립자주라고 써서 깃발 한 폭을 만들어 들고 헌병분견소 지점에 이르러 함께 조선독립만세를 고창하였다.
천안읍 장날에 장터 군중을 선동하여 대한독립만세를 고창하였다.
군중들과 독립만세를 고창하였다.
군중 수백 명과 함께 면사무소에 가서 조선독립만세를 고창하였고,다음날 주민 천여 명과 함께 사무소에서 독립만세를 고창하고 시장에 가서 독립시위운동을 하였다.
군중과 같이 독립시위운동으로 조선독립만세를 고창하였다. 
주민 30여 명을 선동하여 구한국 독립만세를 고창하였다.
천도교도로 조선독립만세를 고창하였다.
군중과 함께 조선 독립만세를 고창하며 마을을 행진하였다.
조선독립만세를 고창하고 독립선언서를 배부하고 선동하였다.
군중들과 같이 독립만세시위운동으로 독립만세를 고창하였다."
8,조선,156,115,59,"천황을 비하 하였고 잘못된 한일합병임으로 조선이 독립하는것은  당연 하다고 말하였다.
군중과 함께 조선독립시위운동 방법으로 조선독립만세를 외쳤다.
조선독립운동을 위해 독립만세를 고창하여 소요가 극에 달한 군중과 함께 조선독립만세를 절규하였고, 서정기와 함께 '반도의 목탁', '팔면에서 관찰한 조선의 참상'이라는 제목의 조선독립운동에 관한문서를 인쇄하여 각지에 배부하였다.
조선독립 대회단에 가맹하였다
시장에서 조선독립단에 가담하여 조선독립만세를 불렀다.
조선인으로 조선독립만세를 부른 자이다.
조선독립만세도 부른 적도 없고 증거도 없는데 처벌받아 상고하였다.
조선독립만세를 부르며 행진하였다.
친계를 조직하여 조선독립만세를 고창할 서약서를 작성하고 대한독립기를 흔들며 군중에게 조선 각지에서 조선독립 운동이 일어나니 우리도 뜻을 같이하여  조선독립을 외치자라고 선동하며 조선독립만세를 고창하였다.
군중과 함께 조선독립만세를 주창하고 조선이 독립되어야 하는 이유 13건을 인쇄, 배부한 자이다.
동부동 뒷산에서 9명이 함께 조선독립을위하여 조선독립만세를  2회 불렀다.
안주군 내에서 조선독립선언서 10장을 배부하였다.
조선독립을  위해 조선독립 만세를 부른 자이다.
송문수 등과 공모하여 포항동에서 조선독립 시위운동을 하려고 하였다.
1919년 3월 15일 다수와 함께 조선독립만세를 부른 자이다.
조선독립을  위해 조선독립단을 조직운영하며 조선독립운동을 부른 자이다.
조선독립만세를 외쳤다.
천제의 예배 후 조선독립만세를 불렀고 바로 헌병이 와서 포박당하였다.
이능렬과 같이 조선독립만세를 외쳤다.
조선독립운동을 열망 손병희 등 33인이 조선독립선언을 하자 다수의 군중과 파고다공원에서 조선독립만세를 부르고 이채극,이철, 김옥택 등에게 자금을 제공 풍선을 사모아 조선독립이라 써서 올리도록 교사하는등 치안을 방해한자이다.
조선독립만세를 부르며 가두행진을 하였다.
조선독립은 당연한 일로 이를 찬성하여 군중과 조선독립만세를 불렀다.
1919년 3월 11일  덕천군 읍내에서 조선 독립만세를 부른 자이다.
1919년 3월 18일  태극기 20본을 만들어 3월 19일 유천리에서 조선독립만세를 부른 자이다.
다중과 함께 조선독립만세를 불렀다.
조선독립만세를 불렀다.
조선민단의 발기인 및 간사로 조선독립을 희망 조선민단 주최의 강연회를 개최 청중 천 수백 명에게 조선민족은 죽음을 무서워 말고 분기하여 조선독립의목적을 관철하자고 연설 한.일합병을 반대하고 조선독립운동을 선동, 고무하여 안녕질서를 방해한자이다.
한일 병합이후 조선의 독립을 갈망하던 중 군중과 조선독립만세를 불러 치안을 방해한 자이다.
민족주의를 품고 조선독립을 염원하고 태원영화를 숭배하면 신세계의 지도자가 된다는 허언망동을 하였다.
1919년 3월 12일  덕천군 읍내에서 조선 독립만세를 부른 자이다.
1944년 5월 8월 11월 3회 일본패망과 조선독립의 소신을 설명하였다
조선을 독립시키기 위해 만세를 외쳤다.
만경시장에서 조선독립만세를 외쳤다.
조선민족으로써 조선독립만세를 부른 자이다.
인천공설운동장을 산보 중 야구장 입구 매표소 창구에 로마자로 조선독립만세, 선지일체라고 낙서하였다.
우리나라는 찬란한 문화를 바탕으로 조선 독립운동은 당연하다라고 하며 독립운동을 한 자이다.
조선독립을 희망하여 조선독립만세를 불렀다.
학생들과 한께 조선독립만세를 외쳤다.
조선독립을 희망하던 중 조선독립만세를 불렀다.
불교도로 해인의 주인이 조속히 나타나도록 축원할 것을 완주군 운주면 등지에서 포교함으로써 조선독립의 성취 발원하였다.
조선독립에 관한 선언서를 2군에 배부하였다. 
조선독립시위운동을 위하여 군중과 함께 조선독립만세를 고창하였다.
조선독립만세를 부르며 순회하였다. 
시장에서 조선독립만세를 불렀다.
조선독립 축하의 뜻으로 조선독립만세를 외쳤다.
조선독립의 소리가 들리자 군중을 따라 조선독립만세를 불렀다.
독립선언서를 인쇄하고 혈서로 조선독립만세, 조선독립단이라고 쓴 깃발을 제작하여 장기시장에 모여 배포하고 조선독립만세를 고창하며 시위운동을 하였다.
1919년 3월 5일  덕천군 읍내에서 조선 독립만세를 부른 자이다.
김각배를 만나 그에게 조선독립을 부식한다하여 취중에 어떠한 일인지 모르고 알지도 못하고 관헌에 제지를 당했다.
제사를 모시기 위하여 사람들이 모여 있던 공동묘지에서 조선독립만세를 외쳤다.
1919년 3월 8일  덕천군 읍내에서 조선 독립만세를 부른 자이다.
영해면 주재소 앞에서 조선독립만세를 부른 자이다.
조선독립선언서를 낭독하였다.
조선독립의 목적으로 시위운동을 하였다.
전병운의 집으로 조선독립통지서가 왔다길래 가보니 조선독립이 확실하게 될 것이니 만세를 동창하는 편지에 따라 만세를 불렀다.
조선독립만세를 호창하였다.
조선의 독립에 대한 연설을 하였다. 
조선독립단을 따라 선천군 등에서 군자금을 모집할때 문밖을 지키는 등의 일을 하였다.
화촌원섭은 1944년 2월 26일 경성부 종로구 체부정 자택에서 야촌하태 등에게 조선독립이 가능하다고 방언하였다."
9,장날,149,82,33,"장날에 한국독립시위운동을 하자고 선동하여 함께 대한국독립만세를 외쳤다.
다수의 동지를 규합, 장날을 이용하여 독립운동을 개시할 것을 결의하고, 보통학교에서 3, 4학년생도에게 장날 시장에서 조선독립만세를 부르자 태극기는 준비하였으니 집합하라고 참가를 권유하였다.
생도에게 장날 담양읍 시장에서 조선독립만세를 외치자고 선동하고 권유하였다.
괴산장날 시장에서 만세운동 후 귀가하는 군중을 선동하여 조선독립만세를 외쳤다.
다중을 규합하여 조선독립시위운동으로  화천시장 장날 독립시위운동을 한다고 박장록에게 전하였다.
국기를 제작배포하고 양양읍 장날 50여 군중과 함께 조선독립만세를 창화하였다.
태극기 수십본을 제작하여 의성장날 군중에게 배포한 후 독립만세를 고창, 선동하였다.
언양읍 장날 군중과 함께 조선독립만세를 고창하였다.
기독교들로 독립만세를 부르기로 회합 모의하고 덕성 장날 시위운동으로 독립만세를 고창하였다.
독립선언시위운동을 알리고, 유천 장날 시장에서 학생, 청년 등과 같이 독립만세를 고창하기위하여 태극기 24본을 만들어 배부하였다.
용천군 양시장날 시장에서 2,3천명과 함께 조선독립만세를 불렀다.
편항 장날에 군중들과 같이 독립만세를 외치며 주재소를 습격하여 기물을 파괴하고 순사를 폭행을 하였다.
독립만세운동으로 강진면 장날에 시위운동을 하기로 하고 은밀히 독립운동에 관한 선언서의 초안을 작성하였고  태극기 제작비로 금 2원을 각출하여 태극기를 제작하였다.
경주읍 장날에 많은 군중들과 같이 태극기를 흔들며 대한독립만세를 고창하였다.
사인 장날 임봉학 최경학 등이 와서 조선의 독립을 알리고  만세를 불러 함께 만세를 외쳤다.
타인을 선동 화천읍 장날을 기해 만세를 부르자 선동 주민 약300여명과 조선독립만세를 부르며 면사무소로행진 치안을 방해한 자이다.
창천 장날 20여명과 같이 포후산 정상에서 대한독립만세를 고창하였다.
예수교회에서 경주읍 장날에 많은 사람을 규합하여 태극기를 흔들며 대한독립만세 시위운동을 하기로 결의하고 태극기를 제작하여 장날 많은 군중과 함께 대한독립만세를 고창하였다.
조선독립 선언서 인쇄하고 태극기 제작하여 읍내 장날 배포하고 대한독립만세를 고창하였다.
4일 대화리 장날 5일 평창읍 장날을 이용하여 조선 독립만세시위 운동을 선동하였다.
1919년 3월 6일 중화군 간동면 간동장리 장날에서 시장사람과 독립만세를 부른 자이다.
오수리 장날 군중들과 조선독립만세를 외치며 시위운동 거행하고 관공서를 습격하여 파괴하여 소요를 일으켰다. 
제천장날 군중을 선동, 태극기를 배부하고 조선독립만세를 부르며 시위운동을 하려고 태극기 약 1200개를 만들었다.
이죽면 장날군중이 참집한 것을 기회로 조선독립사상을 고취시키는 문서를 배포하여 선동하고, 군중에게 연설을 하였다.
천안읍 장날에 장터 군중을 선동하여 대한독립만세를 고창하였다.
고례리 주민을 전날 권유하여 태룡리 장날 수백 군중과 합세하여 조선독립만세라고 쓴 큰기를 들고 수차례 만세를 고창하였다.
피고는 용천군 남시동 장날인 1919년 3월 6일 오후2시 에 조선독립만세를 부른 자이다.
기독교도로 독립만세시위운동으로 약목시장 장날 시위운동을 하기로 권유, 선동하였다.
구한국기150장을 만들고 읍내리 장날 조선독립만세를 외치며 각소를 행진 하였다
약목시장에서 장날 모인 다중과 함께 독립만세를 외쳤다.
조선독립선언서, 집필한 ""선언""을 백장을 인쇄 괴산장날 군중에 배포, 선동 만세를고창하였다.
조선독립운동을 할 목적으로 선언서를 제작, 인쇄하여 괴산장날에 공중에게 반포하며 독립만세를 고창하였다.
괴산장날 시장에서 군중을 선동하여 조선독립만세를 외쳤다."
10,소각,146,31,1,"공산주의에 공명하여 조선독립 빛 공산제 사회 실현을 위해 비밀결사를 조직, 가입하고 강령 등을 만들고 문서 등을 소각하는 등 소요를 일으켰다."
11,강령,146,31,1,"공산주의에 공명하여 조선독립 빛 공산제 사회 실현을 위해 비밀결사를 조직, 가입하고 강령 등을 만들고 문서 등을 소각하는 등 소요를 일으켰다."
12,공명,146,31,1,"공산주의에 공명하여 조선독립 빛 공산제 사회 실현을 위해 비밀결사를 조직, 가입하고 강령 등을 만들고 문서 등을 소각하는 등 소요를 일으켰다."
13,태극기,145,128,60,"독립기와 태극기를 흔들며 조선독립만세를 외치며 시위운동을 하였다.
독립선언서 등의 독립의 취지를 기재한 격문, 독립가 등 태극기 한가마를 광주생도들에게 배포하고 수천의 군중과 함께 광주천변에서 태극기를 흔들며 조선독립만세를 고창하면서 시내를 행진하였다. 
태극기를 제작하여 동 읍내에 집합할 것을 돌아다니며 접촉, 독려하여 주민 약 300명과 같이 태극기를 들고 군중을 인솔하여 함께 조선독립만세를 절규하였다.
태극기를 흔들며 한국독립만세를 외치며 행진하였다.
교내에서 태극기를 제작하는 등 독립만세 운동을 준비하였다.
시장에서 거행된 조선독립만세 운동에 가입하여 태극기를 흔들며 조선독립만세를 외쳤다.
부구리 시장에서 군중들과 같이 독립만세시위운동으로 태극기를 흔들며  독립만세를 외치며 행진을 하였다.
군중과 함께 태극기를 들고 조선독립만세를 외치며 독립시위운동을 하였다.
예수교인으로 한국독립만세시위운동으로 태극기를 흔들며 대한독립만세를 고창하였다.
태극기 120본을 만들어 서부동 시장에서 농민, 군중을 모아 태극기를 배부하고 독립만세를 고창하며 선동 권유하였다.
임피시장에서 태극기를 흔들면서 조선독립만세를 부르기로 결정하고 태극기를 제작하였다.
태극기, 독립선언서, 독립가를 제작하고 인쇄하여 강진시장에서 태극기, 독립선언서, 독립가를 군중에게 뿌렸고 각자 태극기를 흔들며 군중을 선동하여 조선독립만세를 외쳤다.
군중과 함께 태극기를 흔들며 독립만세를 고창하였다.
독립만세운동으로 강진면 장날에 시위운동을 하기로 하고 은밀히 독립운동에 관한 선언서의 초안을 작성하였고  태극기 제작비로 금 2원을 각출하여 태극기를 제작하였다.
경주읍 장날에 많은 군중들과 같이 태극기를 흔들며 대한독립만세를 고창하였다.
명호시장에서 태극기를 흔들며 약 50명의 군중과 같이 독립시위운동으로 조선독립만세를 고창하였다. 
태극기를 흔들며 독립만세를 외쳤다.
조선독립을 희망하던 중 1919년 3월 3일 오후 대한제국 태극기를 들고 조선독립만세를 부른 자이다.
조선인 다중과 함께 조선독립만세시위운동으로 태극기를 제작하여 마을 주민과 같이 태극기를 흔들며 마을을 돌며 대한독립만세를 외쳤다.
태극기를 들고 조선독립만세를 고창하였다.
윤주섭외 50여명을 선동 태극기를 앞세우고 조선독립만세를 부르며 횡행 치안을 방해한 자이다.
독립시위운동으로 태극기를 제작하여 진영리 시장에서 게양하고 군중들에게 태극기를 배포, 선동하여 독립만세를 고창하였다.
봉영화가 태극기를 만들다며 광목을 청구하여 내주었다.
한국독립시위운동을 위하여 태극기를 제작하여 한국독립만세를 부르자 선동하였다.
예수교회에서 경주읍 장날에 많은 사람을 규합하여 태극기를 흔들며 대한독립만세 시위운동을 하기로 결의하고 태극기를 제작하여 장날 많은 군중과 함께 대한독립만세를 고창하였다.
완전동 노영수의 집에 모여 태극기를 게양하고 한국독립만세를 고창하였다.
1919년 3월 18일  태극기 20본을 만들어 3월 19일 유천리에서 조선독립만세를 부른 자이다.
태극기를 흔들며 조선독립만세를 고창하였다.
태극기를 제작하여 흔들며 군중들과 함께 조선독립만세시위운동을 하였다.
태극기를 들고 군중과 함께 조선독립만세를 고창하였다.
태극기 30매를 들고나가 흔들며 주민을 선동 약400여명의 군중과 함께 조선독립만세를 불러 치안을 방해한 자이다.
1919년 3월 30일 해주 남문내 종로통에서 군중 약 100여명과 태극기를 흔들며 조선독립만세를 부른 자이다.
독립만세운동을 할것을 선동하며 제작한 태극기를 나누어 주었다.
군중을 선동하여 태극기를 흔들며 지휘하고 독립만세를 외쳤다.
태극기 1폭, 종이로먼든 태극기 20매, 독립선언서 40매를 입수 이를 배포 군중 300여명과 함께 조선독립만세를 불러 치안을 방해한 사실이 있는 자이다.
학교 내에서 독립선언서, 태극기를 배포하였고 독립깃발을 앞세우고 태극기를 흔들며 독립만세를 면 각지를 행진하였다.
예수교인으로 한국독립만세시위운동으로 태극기를 제작하고 대한독립만세라고 써서 의성시장에서 태극기를  흔들며 대한독립만세를 고창하였다.
선언서와 태극기를 시장에 모인 군중에 전달하였다.
군중이 조선독립만세를 제창하자 기쁜마음에 집 앞 도로에 나가 태극기를 양손에 쥐고 조선독립만세를 불렀다.
태극기를 만들어 읍내 장날을 기하여 태극기를 흔들며 함께 조선독립만세를 고창하며 서문 외까지 행진하고 제지하는 보초병을 세차게 제치고 함께 서문 내로 들어와 많은 조선인을 선동하여 조선독립만세를 고창하며 소요를 일으켰다.
주민 20여명을 취합하여 태극기를 들고 독립만세를 고창하며 율동산으로 행진하였다.
윤주영 등과 공모하여 군중을 선동, 태극기를 흔들고 군중과 함께 독립만세를 불렀고, 위의선언서 7통, 태극기 9매를 제작하여 시장에서 군중에게 선언서를 낭독하고 조선독립만세를 부르자고 선동하고 태극기를 흔들며 약 50명여명과 같이 조선독립만세를 외쳤다.
군중과 독립만세를 고창하고  태극기 제작용 옥양목을 제공하기도 하였고 만세운동을 권리라고 하였다.
제천장날 군중을 선동, 태극기를 배부하고 조선독립만세를 부르며 시위운동을 하려고 태극기 약 1200개를 만들었다.
태극기도로 '조선이 독립국이 되면 조선왕은 윤상명이 될 것을 신이 꿈에서 말하였다.'하였다.
이종국 집에서 태극기 2개를 마들고, 주민을 선동하여 조선독립만세를 부르자는 뜻을 알리고, 물류시장에서 군중 수백 명을 지휘하여 태극기를 앞세우고 조선독립만세를 불렀고,  다음날 양양읍 시장에서 태극기를 앞세우고 군중과 같이 조선독립만세를 외쳤다.
1919 3월 12일 은율군 장연면에서 태극기를 들고 다중과 조선독립만세를 불러 치안을 방해 한 자이다.
태극기를 흔들고 조선 독립만세를 절규하였다.
태극기 재료를 부탁 대금 1원 80전을 지불하고 군중과 함께 조선독립만세를 선창하는 등 안녕질서를 방해하였다.
대한독립만세라고 태극기를 제작하여 경부선 철로 옆에 걸었다.
태극장, '대한독립만세'라고 쓴 태극기 한 폭을 제작하여 경부철도 길옆에 게양하였다.
시장에 모인 군중들과 함께 태극기를 흔들며 대한독립만세를 외치며 시위운동을 하였다.
독립만세시위운동으로 선동하여 예안시장에서 군중의 틈을 노려 태극기를 휘두르며 독립만세를 외쳤다.
경주읍 장날에 많은 사람을 규합하여 태극기를 흔들며 대한독립만세 시위운동을 하기로 박문홍한테서 태극기를 받아 배부하고, 군중과 함께 대한독립만세를 고창하였다.
독립만세시위운동자들에게 제작한 태극기를 나누어 주었다.
태극기를 제작하여 자기 집에다 걸고 동민 약 10명을 불러 독립만세를 불렀다.
경주읍 장날에 많은 사람을 규합하여 태극기를 흔들며 대한독립만세 시위운동을 하기로 박문홍에게서 태극기를 받아 배부하다 경찰에게 체포되었다.
태극기를 작성하여 경부선 철로 옆에 걸었다.
군중을 동원 독립만세, 시위운동을 하기로하고 태극기를 제작하여 나누어 주었고 관암봉 정상에 태극기를 세우는 등 조선독립운동을 하였다.
태극기를 만들어 동화사를 출발 깃대를 앞세우고 혼잡한 덕산정 시장에서 군중 속으로 행진하며 태극기를 흔들며 독립만세를 고창하였다. "
14,시위운동,141,111,45,"군중들과 같이 선동하여 독립만세시위운동으로 독립만세를 고창하였다.
와우형산에서 조선독립시위운동의 목적으로 주민들과 함께 조선독립만세를 외쳤다.
독립만세시위운동에 가담하여 면장을 구타하고, 일장기를 소각시키다.
군중과 함께 조선독립시위운동 방법으로 조선독립만세를 외쳤다.
군중들과 함께 조선독립만세를 부르며 경선부내를 독립시위운동을 하였다.
다중을 모아 조선독립 시위운동을 기도하고 1000여 군중과 함께 조선독립만세를 불렀다.
제천시장에서 군중을 선동하여 독립만세시위운동으로 독립만세를 고창하였다.
다중을 규합하여 조선독립시위운동으로  화천시장 장날 독립시위운동을 한다고 박장록에게 전하였다.
한국독립만세시위운동으로 군중들과 같이 대한독립만세를 고창하였다.
조선독립만세를 외치며 조선독립시위운동을 할 것을 선동하였다.
평북 자성군 여연면 중상동에서 수많은 군중과 조선독립만세를 부르며 시위운동을 하여 치안을 방해 한 자이다.
한국독립의 시위운동이 행해지는 것을 알리고 청도군 유천장날 학생청년 등이 시장에 모인 사람과 함께 독립만세를 소리 높여 부르고 시위운동을 행하기로 선동하였다. 
송문수 등과 공모하여 포항동에서 조선독립 시위운동을 하려고 하였다.
군중과 함께 태극기를 들고 조선독립만세를 외치며 독립시위운동을 하였다.
시장의 군중과 같이 조선독립만세를 외치며 시위운동을 하였다.
천도교 교구장으로 손병희등의 독립선언서를 교부 받고 수안군에서도 경성의 만세운동과 같이 선언서를 바포하고 다중이 모여 시위운동을 전개하기로 하고 수안읍 부근의 천도교 신도 등 약140여명의 군중을 모아 3월 3일 시위운동을 하여 치안을 방해한 자이다.
독립만세 시위운동의 군중과 같이 한국독립만세를 외쳤다.
1919년 3월 23일 평북 자성군 여연면 중상동에서 수많은 군중과 조선독립만세를 부르며 시위운동을 하여 치안을 방해 한 자이다.
조선독립시위운동을 실행하기로 협의하여 용궁공립보통학교 기숙사에서 용궁읍내 주민들을 조선독립시위운동에 참가하라고 선동하였다.
태극기를 제작하여 흔들며 군중들과 함께 조선독립만세시위운동을 하였다.
군중들과 함께 조선독립만세를 외치며 읍내를 돌며 시위운동을 하였다.
독립시위운동을 모의하여 약 2천명의 군중과 함께 조선독립만세를 외쳤다.
군중과 독립만세를 부르며 읍내로 데리고 가서 독립시위운동을 하며 허병분견소에 돌을 던지고 폭언, 폭행을 하였다.
독립만세시위운동으로 군중들과 같이 독립만세를 고창하였다.
조선독립시위운동으로 동민을 선동하여 모범림, 야사동민 약 40명에게 조선독립시위운동을 하러 영천경찰서에 가서 독립만세를 부르자 선동하였다.
조선독립시위운동을 선동하는 인쇄물을 배포하였다.
군중 수천 명의 그들과 함께 조선독립만세를 연이어 부르며 독립시위운동을 하였다.
3.1운동으로 파고다공원에서 한국독립시위운동으로 군중과 같이 독립만세를 연호하였고, 동화사에서 지방학림생도들에게 각지에서 기독교, 천도교도, 학생 등이 한국독립만세를 외치는데, 독립시위운동 할 것을 선동 권유하였다.
파고다 공원에서 한국독립만세를 외치며 시위운동을 하였고 동화사 부속 지방학림생도들에게 독립만세시위운동을 할 것을 권유하고 선동하였다.
독립시위운동에 가담하여 독립만세를 고창하였다.
마을 주민을 독립시위운동에 참가하자고 선동하여 문암리시장에서 조선독립시위운동을 하였다.
조선독립시위운동을 위하여 군중과 함께 조선독립만세를 고창하였다.
장기리 시장 독립시위운동에 가담하여 조선독립만세를 창화하였다.
시장에 조선독립시위운동을 하기 위하여 모인 군중 속에 들어가 다중과 함께 조선독립만세를 고창하였다.
군중들과 함께 조선독립만세를 부르며 경성부내를 독립시위운동을 하였다.
군중과 같이 조선 독립시위운동의 방법으로 조선독립만세를 고창하였다.
독립시위운동에 가담하도록 교사하였다.
독립만세시위운동으로 선동하여 예안시장에서 군중의 틈을 노려 태극기를 휘두르며 독립만세를 외쳤다.
다수인을 선동하여 독립시위운동을 하기로 독립선언서를 등사하고 독립시위운동할 것을 선동하였다.
조선독립시위운동에 참가하여 만세를 불렀다.
군중과 같이 독립시위운동으로 조선독립만세를 고창하였다. 
독립만세시위운동자들에게 제작한 태극기를 나누어 주었다.
조선독립의 목적으로 시위운동을 하였다.
기독교도로 독립만세시위운동으로 약목시장 장날 시위운동을 하기로 권유, 선동하였다.
군중들과 같이 독립만세시위운동으로 독립만세를 고창하였다."
15,기물,138,30,6,"300여명의 군중과 같이 대한독립만세를 외치며 관공서 기물을 파괴하였다.
성내동 시장에서 군중과 태극기를 휘날리며 한국독립만세를 외치며 행진하였고 각 관공서를 습격하여 기물을 파괴, 훼손하였다.
수 백 명 군중과 함께 조선독립만세를 졸규하며, 관공서에 난입하여 비품, 집기물을 파괴하였다.
2천여명의 군중과 함께 한국독립만세를 부르며 읍내 관공서를 습격하여 기물을 파괴하고 협박을 하였다.
태극기 제거자에게 구타, 기물훼손을시키다.
소이면장을 협박하여 독립만세를 부르도록하고 주재소의 기물을 파괴하다."
16,집합,128,36,7,"천도교도로 태극기 2매를 만들어 미명읍내로 집합하라고  알리고, 주민 3백 여명을 집합시켜 태극기를 흔들며 군중을 인솔하여 조선독립만세를 외치며 절규하였다.
편항시장으로 집합 500여명의 군중과 함께 조선독립만세를 고창하고 관공서를 습격 난입하여 건물파괴, 비품 훼기하였다. 
집합한 다수의 군중과 함께 한국독립만세를 불렀다.
풍물을 두드려 주민을 집합시켜 구인리, 길상리 뒷산에서 조선독립만세를 외쳤다.
김명규 집에서 밀회하여 최영익에게 집필시켜 '조선독립시위운동을 거행하기 위해 집합해야 한다.'라는 글을 작성하여 각 집마다 회송하여 다음 날 면사무소 앞에 5백 여명을 소집하여 조선독립만세를 절규하며 외쳤다.
주민 2백여명을 인솔하여 대대리에 집합시키고 조선독립만세를 고창하였다.
홍대성, 홍학성과 같이 주민을 집합 하게하여 거주지면 면사무소 뒤편 고지에 주민 약40명을 규합하여 조선독립만세를 외쳤다."
17,출자,123,77,1,치성비를 출자하고 일대집단을 조직하여 국권회복운동을 결의하여 교주 차경석이1924년 갑자년에 계룡산에 도읍을 정하고 제위에 올라 독립조선을 통치할 것이라고 망상하고 선전하였다.
18,도읍,123,77,1,치성비를 출자하고 일대집단을 조직하여 국권회복운동을 결의하여 교주 차경석이1924년 갑자년에 계룡산에 도읍을 정하고 제위에 올라 독립조선을 통치할 것이라고 망상하고 선전하였다.
19,제위,123,77,1,치성비를 출자하고 일대집단을 조직하여 국권회복운동을 결의하여 교주 차경석이1924년 갑자년에 계룡산에 도읍을 정하고 제위에 올라 독립조선을 통치할 것이라고 망상하고 선전하였다.
20,훼기,122,24,2,"편항시장으로 집합 500여명의 군중과 함께 조선독립만세를 고창하고 관공서를 습격 난입하여 건물파괴, 비품 훼기하였다. 
성내동 장날 군중과 태극기를 흔들고 만세를 창화하며 관공서에 침입하여 건물파괴, 문서훼기, 순사를 폭행하였다."
21,건물,122,24,2,"편항시장으로 집합 500여명의 군중과 함께 조선독립만세를 고창하고 관공서를 습격 난입하여 건물파괴, 비품 훼기하였다. 
성내동 장날 군중과 태극기를 흔들고 만세를 창화하며 관공서에 침입하여 건물파괴, 문서훼기, 순사를 폭행하였다."
22,동맹,121,45,7,"중국공산당, 조선공산당에 입당하여 혁명위원회, 농민협회, 청년동맹, 반제국주의동맹 등 비밀결사를 조직하고 관헌밀정을 살해하고 금품을 강취하였다.
조선인 독립과 공산주의화를 위해 조선인해방투쟁동맹, 계림공진회, 해방동맹의 세포단체결성 및 MH조직 등 비밀결사를 조직하였고 그 기관지 화선, 공진 등을 인쇄, 배포한 자이다.
마르크스 주의강의를 듣고 공산주의에 공명, 공산제도를 실현하여 조선을 독립시킬 목적으로 신우동맹, 혁우동맹회, 야체-가, 구화회 등의 비밀결사를 조직하여 강령을 만들어 동맹휴교 등을 협의하였다.
상해한인독립운동청년동맹의 의장이 되어 조선의 독립을 성취하고 민주공화국을 세울 것을 목적으로 “상해대한민국청년당”을 조직하고, “만보산 사건”을 해결하였으며,  김구, 김철등과 한중민족이 연합하여 일본에 대항, 중국의 실지회복과 조선의독립을 목적으로 “한중민족항일대동맹”이라는 결사를 조직하였다.
안동청년동맹에 가입, 공산주의제도 실현 목적으로 비밀결사조직을 모의하였다. 
안동청년동맹 예안지부 서울청년회 경성중앙청년동맹에 가입  좌익운동의 총 지도기관으로서 안동 「고무그룹」이라고 칭하는 비밀결사를 조직 동지획득에 노력하였다.
공산사회실현을 목적으로 한인독립운동자동맹에 가입하였고 상해한인청년동맹이라는 결사를 조직하여 의무적으로 한인 독립운동자 동맹에 가맹하고 이를 지지하여 메이데이 반전데이 국제무산데이의 시위운동에 참가하였고 부산지방 혁명적 노동단체인 부산적색노동조합 건설 준비 위원회를 조직할 것을 협의하였다."
23,훼손,121,18,2,"성내동 시장에서 군중과 태극기를 휘날리며 한국독립만세를 외치며 행진하였고 각 관공서를 습격하여 기물을 파괴, 훼손하였다.
태극기 제거자에게 구타, 기물훼손을시키다."
24,군중,120,71,43,"군중과 같이 조선독립만세를 고창하였다.
성주읍내 시장에서 군중과 함께 조선독립만세를 외쳤다.
언양읍 장날 군중과 함께 조선독립만세를 고창하였다.
국권회복의 시위운동을 위해 구한국기를 게양하고 조선독립만세를 외치며 군중을 선동 수시명의 군중과 만세를 부르고 피고인들 및 다른 군중 1000여명과 만세를 오치자 이를 제지하기위해 동소에온 순사부장 야구광삼 등이 홍면외 10인을 체포하려하자 순사들에게 폭행을 가하며 때려죽이라 절규허며 군중을 선동,지휘 도주하는 야구광삼을 살해한 자이다.
국권회복의 시위운동을 위해 구한국기를 게양하고 조선독립만세를 외치며 군중을 선동 수시명의 군중과 만세를 부르고 피고인들 및 다른 군중 1000여명과 만세를 오치자 이를 제지하기위해 동소에온 순사부장 야구광삼 등이 홍면외 2인을 체포하려하자 순사들에게 폭행을 가하며 때려죽이라 절규허며 군중을 선동,지휘 도주하는 야구광삼을 살해한 자이다.
군중과 같이 독립만세운동을 하였다.
조선독립만세를 외치는 군중과 만나 이들과 면사무소에 갔다가 즉시 직장에 갓 집무를 하였다.
군중과 함께 조선독립만세를 고창하였다.
국권회복의 시위운동을 위해 구한국기를 게양하고 조선독립만세를 외치며 군중을 선동 수시명의 군중과 만세를 부르고 피고인들 및 다른 군중 1000여명과 만세를 오치자 이를 제지하기위해 동소에온 순사부장 야구광삼 등이 홍면외 11인을 체포하려하자 순사들에게 폭행을 가하며 때려죽이라 절규허며 군중을 선동,지휘 도주하는 야구광삼을 살해한 자이다.
군중과 함께 태극기를 흔들며 독립만세를 고창하였다.
길안시장에서 군중과 함께 조선독립만세를 외치고 관공서를 습격하여 비품을 부수고 군중을 솔선하여 폭행을 하였다.
약 200여명의 면민이 몽둥이를 가지고 면사무소에 모이자 군중 앞에 서서 조선독립의 목적을 달성하려면 결사적으로 독립운도을 하여야 한다고 연설 군중을 격려하자 군중들은 즉시 독립만세를 부르며 면사무소 일부를 파괴하고 군중이 점점 늘어 1000여명의 대집단이 되자 경찰관 주재소에 방화하고 순사를 참살하는 등의 소요에 솔선 군중을 지휘한자 들이다.
조선독립만세를 외치며 군중과 함께 행진을 하였다.
좌천리 시장에서 군중에게 조선독립시위운동을 행하도록 군중을 선동하여 군중과 같이 대한독립만세를 외치며 행진하였다.
조선인으로서 군중과 함께 조선독립만세를 불렀다.
수교 시장에서 다수의 군중과 조선독립만세를 불렀다.
군중이 조선독립만세를 호창함에 이에 참가하여 고창하였다.
조선독립시위운동을 목적으로 군중과 함께 직동으로부터 동리 동지화동에 모인 수 십 명의 군중과 함께 조선독립만세를 절규하였다.
1919년 3월 3일 봉산군 사원면 사리원에서 수백명의 군중과 함께 조선독립만세를 한 자이다.
읍내시장에 모인 군중과 함께 한독독립만세를 외쳤다.
국권회복의 시위운동을 위해 구한국기를 게양하고 조선독립만세를 외치며 군중을 선동 수시명의 군중과 만세를 부르고 피고인들 및 다른 군중 1000여명과 만세를 오치자 이를 제지하기위해 동소에온 순사부장 야구광삼 등이 홍면외 16인을 체포하려하자 순사들에게 폭행을 가하며 때려죽이라 절규허며 군중을 선동,지휘 도주하는 야구광삼을 살해한 자이다.
태극기를 들고 군중과 함께 조선독립만세를 고창하였다.
국권회복의 시위운동을 위해 구한국기를 게양하고 조선독립만세를 외치며 군중을 선동 수시명의 군중과 만세를 부르고 피고인들 및 다른 군중 1000여명과 만세를 오치자 이를 제지하기위해 동소에온 순사부장 야구광삼 등이 홍면외 14인을 체포하려하자 순사들에게 폭행을 가하며 때려죽이라 절규허며 군중을 선동,지휘 도주하는 야구광삼을 살해한 자이다.
피고는 취야 시장에서 군중과 조선독립만세를 부른 자이다.
다수 군중과 함께 독립만세를 창화하였다.
많은 군중과 함께 조선독립만세를 고창하였다.
문앞에서 독립축하라고 외쳐 군중과 함께 조선독립만세를 외쳤다.
군중과 같이 독립만세를 고창하였다.
군중들과 같이 조선독립만세를 고창하였다.
윤주영 등과 공모하여 군중을 선동, 태극기를 흔들고 군중과 함께 독립만세를 불렀고, 위의선언서 7통, 태극기 9매를 제작하여 시장에서 군중에게 선언서를 낭독하고 조선독립만세를 부르자고 선동하고 태극기를 흔들며 약 50명여명과 같이 조선독립만세를 외쳤다.
은파시장에서 군중과 함께 조선독립만세를 불렀다.
문장리시장에서 군중과 함께 조선독립만세를 외쳤다.
조선독립만세를 외치고, 이완용을 잠복시킨 것을 알고, 군중과 같이 협박을 하였다.
군중 600명과 함께 조선독립만세를 외쳤다.
시가에서 친구와 산보 중 수백의 군중이 모여 조선독립을 선언하기에 만세 일성을 따라 불렀다.
군중들과 독립만세를 고창하였다.
조선민족으로 군중과 함께 조선독립만세를 불렀다.
군중과 함께 독립만세를 외쳤다.
태극기를 군중들에게 배포하고 대한독립만세라고 쓴 깃발을 흔들며 군중들과 함께 조선독립만세를 고창하였다.
군중이 조선독립만세를 호창하여 조선인으로서 함께 호창하였다.
1919년 3월 3일 봉산군 사원면 사리원에서 수백명의 군중과 함께 국기를 들고 조선독립만세를 주창한 자이다.
1919년 3월 3일 봉산군 사원면 사리원에서 수백명의 군중과 함께 국기를 들고 조선독립이 확정되자 만세를 한 자이다.
국권회복의 시위운동을 위해 구한국기를 게양하고 조선독립만세를 외치며 군중을 선동 수시명의 군중과 만세를 부르고 피고인들 및 다른 군중 1000여명과 만세를 오치자 이를 제지하기위해 동소에온 순사부장 야구광삼 등이 홍면외 20인을 체포하려하자 순사들에게 폭행을 가하며 때려죽이라 절규허며 군중을 선동,지휘 도주하는 야구광삼을 살해한 자이다."
25,주민,112,95,63,"와우형산에서 조선독립시위운동의 목적으로 주민들과 함께 조선독립만세를 외쳤다.
태극기를 앞세우고 주민과 함께 대한민국 독립만세를 외치며 행진하였다.
동리 주민 6십여 명을 동원하여 서변리 등지에서 독립시위운동을 전개 하였다.
권대완과 공모 만세를 부르라 주민을 선동 400여명과 조선독립만세를 부르며 행진 치안을 방해한 자이다.
정치변혁을 목벅으로 주민약30여명과 조선독립만세를 불러 치안을 방해한 자이다
주민들을 모집하여 조선독립만세를 주창하였다.
주민 50여명과 함께 대사동 뒷산에 모여 조선독립만세를 고창하면서 기도동을 경유 창길동으로 행진하였다.
진평동 뒷산에서 주민 200여명과 함께 조선독립만세를 고창하였다.
주민과 조선독립만세를 불러 치안을 방해한 사실리 있는자 이다.
3.1독립만세운동에 찬동, 주민 60여명과 만세를 부르며 신풍 동내를 행진하였다.
영변 성내 주민에게 조선독립선언서를 인쇄 배부하여 치안을 방해 한 자이다.
주민 수십명과 독립만세를 불러 치안을 방해한 자이다.
주민을 선동 산꼭대기에 횃불을 밝히고 조선독립만세를 불러 치안을 방해한 사실이 있는 자이다.
부근 주민을 선동하여 군중과 같이 조선독립만세를 외쳤다.
주민을 모아서 풍물을 울리며 조선독립만세를 부르며 시위 하였다.
풍물을 두드려 주민을 집합시켜 구인리, 길상리 뒷산에서 조선독립만세를 외쳤다.
약 12,3명의 주민과 조선독립만세를 절규 치안을 방해한 자이다.
주민을 선동 규합 구한국기를 앞세우고 100여명의 주민과 조선독립만세를 불러 치안을 방해한 자이다. 
주민을 선동 수백명과 조선독립만세를 불러 치안을 방해한 자이다.
다중의 주민과 함께 조선독립만세를 절규 치안을 방해한 사실이 있는자 이다.
주민 100 여명과 같이 면사무소, 거리에서 조선독립시위운동의 방법으로 조선독립만세를 외쳤다.
정치변혁을 목벅으로 주민약35여명과 조선독립만세를 불러 치안을 방해한 자이다
다수의 주민과 함께 독립시위운동을 하기로하고 군중 약 20여명을 지휘, 조선독립만세를 불러 치안을 방해하였다.
조선독립운동을 공모하고 주민 약 100여명을 모아 태극기를 앞세우고 면사무소 앞에서 조선독립만세를 불렀다.
손병희등의 독립선언취지에 찬동 약 50여명의 주민과 독립만세를 부르며 행지하였고 김시항과 면사무소를폐쇄 하려고 주민 3000여명을 규합 면사무소를 포위 독립만세를 부르고 면사무소 집기를 훼기하는등 소요를 일으켜 치안을 방해한 자이다.
마을 앞에서 독립운동을 권유, 선동 대한독립만세를 주창하여 주민도 함께 독립만세를 불렀다.
주민과 같이 독립만세에 가담하였다.
태극기 30매를 들고나가 흔들며 주민을 선동 약400여명의 군중과 함께 조선독립만세를 불러 치안을 방해한 자이다.
주민들에게 조선독립만세를 부르자고 선동하고, 다음날 다수 주민과 함께 태극기를 앞세우고 동면사무소에 모여 대한독립만세를 외쳤다.
원성리 주민 수십명과 조선독립만세를 고창한 사실이 있다.
주민을 선동하여 태극기를 높이 흔들고 대한독립만세를 부르면서 마을을 행진하였다.
주민을 규합하여 조선독립만세를 부르며 조선독립시위 운동으로 주민 약 50명과 같이 산 정상에서 조선독립만세를 외쳤다.
1919년 3월 18일 오전 황해도 연백군 해성면 화양리 남산에 모인 주민 300여명과 조선독립만세를 부른 자이다.
정치변혁을 목적으로 십수명의 주민과 함께 조선독립만세를 불러 치안을 방해한 자이다.
정치변혁을 목적으로 수십명의 주민과조선독립만세를 불러 치안을방해한 자이다.
마을에 군집한 100명의 주민과 함께 조선독립만세를 절규하였다.
주민을 선동 60여명과 조선독립만세를 연호 치안을 방해항자이다.
주민 20여명을 취합하여 태극기를 들고 독립만세를 고창하며 율동산으로 행진하였다.
한국의 독립을 목적으로 이영식과 모의 독립선언서를 배포하고 주민을 선동 조선독립만세시위운동으로 독립만세를 고창하였다.
마을 뒷산에서 주민들과 같이 조선독립만세를 고창하였다.
조선독립을 위해 주민 20여명과 조선독립만세를 불러 치안을 방해한자이다.
300여명의 주민과 함께 조선독립만세를 부르고 다시 동일 주민 100여명과 조선독립만세를 부르고 독립신문을 읽어주는 등 치안을 방해한 자이다.
주민을 선동 조선독립만세를 불러 치안을 장해한 사실이 있는 자이다.
주민 2백여명을 인솔하여 대대리에 집합시키고 조선독립만세를 고창하였다.
권정목등은 삼계리 주민 약 200여명을 지휘 인솔하여 둔전리에 이르고 홍종욱등은 구한국기를 앞세우고금어리 주민 약200명을 인솔하여 조선독립만세를 불러 치안을 방해한 자이다.
홍대성, 홍학성과 같이 주민을 집합 하게하여 거주지면 면사무소 뒤편 고지에 주민 약40명을 규합하여 조선독립만세를 외쳤다.
주민들과 같이 마을에서 함께 독립만세를 고창하였고 독립시위운동으로 독립만세를 연호하면서 면 내를 행진하였다.
조선독립시위운동을 모의 주민 약300명을 모아 산꼭대기에 모닥불을 밝히고 조선독립만세를 불러 치안을 방해한 사실이 있는 자이다.
각리에서 군중과 만세를 불렀고 독립기를 들고 주민 3백 명과 추풍령 헌병대로 몰려갔다.
정치변혁을 목벅으로 주민약32여명과 조선독립만세를 불러 치안을 방해한 자이다
정치변혁을 목벅으로 주민약31여명과 조선독립만세를 불러 치안을 방해한 자이다
생도와 주민과도 함께 읍내를 행진하고 도처에서 조선독립만세를 선동 고창하다.
조선독립운동을 할 목적으로 태극기 7개를 만들고 태성리 산꼭대기에서 국기를 흔들며 주민을 선동하여 조선독립만세를 외쳤다.
주민 약100여명과 조선독립만세를 부르며 행진 치안을 방해한자이다.
주민 3십여 명을 선동하여 조선독립만세를 불렀다.
주민 약30명을 선동 조선독립만세를 불러 치안을 방해한 자이다. 
주민 30여 명을 선동하여 구한국 독립만세를 고창하였다.
융희황제북순시 영접용국기30매를 가지고나와 흔들고 주민 십오륙명과 함께 조선 독립만세를 불렀다.
시장에서 주민과 조선독립시위 운동으로, 조선독립만세를 선동,고창하였다
정치변혁을 목벅으로 주민약34여명과 조선독립만세를 불러 치안을 방해한 자이다
마을에서 주민들을 모아 같이 대한국독립시위운동으로 독립만세를 고창하였다.
높은 곳에 올라가 주민 30여명과 종을 치며 짚에 불을 붙이고 조선독립만세를 고창하다.
주민들과 같이 독립만세시위운동으로 조선독립만세를 소리높여 외쳤다."
26,독립,111,73,42,"사이판 함락, 동조내각 사퇴로 독립이 가까워 지고 있으니 죽창을 만들고 미군과 협력하라고 말하였다.
조선독립 대회단에 가맹하였다
대주훈련소에서  독립만세를 부르며 도망치던 조선인을 돌로 쳐서 죽였다.라고 하였다.
조선국이 독립을 하기 위해서는 먼저 독립만세를 불러야 한다고 교사하였다.
친계를 조직하여 조선독립만세를 고창할 서약서를 작성하고 대한독립기를 흔들며 군중에게 조선 각지에서 조선독립 운동이 일어나니 우리도 뜻을 같이하여  조선독립을 외치자라고 선동하며 조선독립만세를 고창하였다.
조선독립의 희보를 듣고 기뻐 독립의 희보를 광포하기 위하여 그 취지서를 등사하였다.
조선독립을  위해 조선독립 만세를 부른 자이다.
열린 시장에서 군중들과 같이 대한독립만세라고 쓴 기를 흔들며 조선독립만세를 외쳤다.
광주시내 조선독립시위운동에서 3.1독립선언서를 배포하였고 군중과 태극기, 독립기를 흔들며 독립만세를 외쳤다.
시민들이 하나같이 독립만세를 외치자 함께 두세번 만세를 외쳤다.
조선독립만세를 외쳤다.
태극기를 흔들며 독립만세를 외쳤다.
이능렬과 같이 조선독립만세를 외쳤다.
최시홍 외 20여명이 조선독립을 위하여 조직한 독립단에 가담하여 특무정교 및 회계서무 임무를 가지고 독립단원에게 병식교련을 시키고 청산면장으로부터 독립자금을 강취하였다.
한국독립 시위운동을 목적으로 한국독립만세를 고창할 것을 선동, 행진하며 독립만세를 고창하였다.
독립시위운동을 모의하여 약 2천명의 군중과 함께 조선독립만세를 외쳤다.
조선독립시위운동을 위해 다수의 아동을 모아 독립만세를 외치자 선동하여 독립만세를 외쳤다.
낙화암에서 독립만세를 고창하였다.
조선독립만세를 불렀다.
조선민족으로 독립만세를 한 자이다.
독립만세를 부르는 장소에 참아하여 한마음으로 만세를 불렀다.
좌천동 노상에서 독립만세를 불렀다.
민족주의를 품고 조선독립을 염원하고 태원영화를 숭배하면 신세계의 지도자가 된다는 허언망동을 하였다.
1944년 5월 8월 11월 3회 일본패망과 조선독립의 소신을 설명하였다
조선독립만세시위운동으로 독립선언문, 독립기, 태극기를 인쇄하여 제작, 배포하고 한국독립만세를 외치며 동래읍내를 행진하였다.
상해 독립단 명으로 의연금 모집을 위하여 왔온 자이다.
문앞에서 독립축하라고 외쳐 군중과 함께 조선독립만세를 외쳤다.
강조원으로부터 받은 독립선언문 60~70여매를 배포하였다.
조선독립을 희망하여 조선독립만세를 불렀다.
조선독립을 희망하던 중 조선독립만세를 불렀다.
불교도로 해인의 주인이 조속히 나타나도록 축원할 것을 완주군 운주면 등지에서 포교함으로써 조선독립의 성취 발원하였다.
한국의 독립을 목적으로 이영식과 모의 독립선언서를 배포하고 주민을 선동 조선독립만세시위운동으로 독립만세를 고창하였다.
조선독립만세를 부르며 순회하였다. 
군중들과 함께 조선독립만세를 부르며 경성부내를 독립시위운동을 하였다.
조선독립 축하의 뜻으로 조선독립만세를 외쳤다.
조선독립의 소리가 들리자 군중을 따라 조선독립만세를 불렀다.
각지에서 조선독립만세를 부른다는 소식이 들려오고 강화회에서 독립을 시켜주었다는 보도에 조선독립만세를 불렀다.
군중과 같이 독립시위운동으로 조선독립만세를 고창하였다. 
조병렬 등에게 이지방에서 독립만세를 부를 것을 권유하였다.
군중과 함께 독립만세를 외쳤다.
시민들이 독립만세를 외치자 조선동족으로 함께 독립만세를 외쳤다.
나자승 등과 조선독립만세단을 조직 독립만세를 부른 자이다."
27,정치,110,83,29,"조선의 정치변혁을 목적으로 독립만세를 불렀다.
수십명 군중이 정치변혁을 목적으로 조선독립만세를 고창 하였다.
이달용의 권유로 정치변혁의 목적으로 수십명을 모아 조선독립만세를 부르며 정치에 관한 불온한 동작으로 치안을 방해한 사실이 있는 자이다.
오남리에서 수십명 군중과 함께 정치변혁을 목적으로 조선독립만세를 고창하였다.
정치변혁을 목적으로 200여명의 군중과 조선독립만세를 불러 치안을 방해한 자이다.
정치변혁을 목벅으로 주민약30여명과 조선독립만세를 불러 치안을 방해한 자이다
조선의 정치적 독립을 목적으로 독립시위를하며 만세를 고창하였다.
정치변혁을 목적으로 다수의 주민을 지휘 감독 조선독립만세를 불러 정치에 관한 불온한 어동으로 치안을 방해한 자이다.
정치변혁을 목적으로 조선 내 각 사찰로부터 조선독립자금을 모집 재만한족회에 보내기로하고 김장윤, 김경환, 우민수, 최명수 등과 남만군정서 영수증을 만들어 경상도 각 사찰을 순회 독립자금을 모집 하는등 정치안정을 방해한 자이다.
정치변혁을 목적으로 다중과 함께 조선독립만세를 부르고 일본국기를 불태우는등 치안을 방해한 사실이 있는자 이다.
정치변혁을 목적으로 군중과 함께 경성부 각곳에서 조선독립만세를 불러 치안을 방해한 자이다.
최용집,최승규,최용식등에게 제국정치에 반항하는 독립운동에 찬동 조선을 다시 일으켜세워야한다며 정치에 관한 불온한 언동으로 치안을 방해한 사실이 있는자이다.
유한단원으로 정치변혁을 목적으로 주민들에게 자주독립을 의지를 강연하였다.
정치변혁을 목벅으로 주민약35여명과 조선독립만세를 불러 치안을 방해한 자이다
정치변혁의 목적으로 군중을 소집하고 선동하여 조선독립만세를 불렀다.
정치의 변혁을 목적으로 독립만세를 부르자 선동 다수의 주민과 함께 태극기를 앞세우고 조선독립만세를 불러 치안을 방해한 자이다.
정치변혁의 목적으로 500여명의 군중과 함께 조선독립 만세를 불러 치안을 방해한 사실이 있는자 이다.
독립선언서 15매를 받아 정치변혁의 목적으로 이를 천도교도에게 교부 배포하게 하는등 정치에 관한 불온한 언동으로 안녕질서를 방해한 자이다.
정치의 변혁을 목적으로 수십명의 군중과 독립만세를 불러 정치에 관한 불온한 동작으로 치안을 방해한 사실이 있는 자이다.
정치변혁을 목적으로 십수명의 주민과 함께 조선독립만세를 불러 치안을 방해한 자이다.
태을교 입교 권유 상해임시정부원이 조선의 정치를 장악할 것이며 조선 정치는 태을교 신자가 장악할 것이다라고 하였다.
정치변혁을 목적으로 수십명의 주민과조선독립만세를 불러 치안을방해한 자이다.
정치변혁을 목적으로  경성부 각곳에서 군중과 조선독립만세를 불러 치안을 방해한 자이다.
웅변대회에서 해방운동, 역사적 고찰의 조선이라는 제목으로 청중 약 500명에게 일본의 정치를 탈피하자는 등 공산주의를 선전, 정치에 관한 불온한 언동을 하여 치안을 방해하였다.
정치변혁을 목적으로 홍대성과 공모 주민 약40명과 조선독립만세를 불러 정치에 관한 불온한 언동으로 치안을 방해한자이다.
정치변혁을 목벅으로 주민약32여명과 조선독립만세를 불러 치안을 방해한 자이다
정치변혁을 목벅으로 주민약31여명과 조선독립만세를 불러 치안을 방해한 자이다
정치변혁을 목벅으로 주민약34여명과 조선독립만세를 불러 치안을 방해한 자이다
조선의 정치상 독립을 위해 약 1000명의 군중과 함께 구한국국기를 앞세우고 독립만세를 불러 치안을 방해하였다."
28,독립선언서,101,62,32,"1919년 3월 1일  최창룡의 조선독립선언서 배포 의뢰 응해 1919년 3월 2일 천도교인 수 백명을 대동하고 조선독립을 위해 위 독립선언서를 황주읍 남천리 시장에 게시하고 조선독립만세를 부르며 경찰서 앞을 지날 때 순사의 제지에 불응 경찰서 유리창을 파손 하는 등 소요를 일으켜 안녕질서를 방해 한 자이다.
읍내시장에서 독립만세를 부르고 조선독립선언서를 낭독 하였다.
안주군 내에서 조선독립선언서 10장을 배부하였다.
주범 김병식이 독립선언서를 인쇄하여 배포하려고 할때 이에 협조하였다.
독립선언서를 인쇄하여 배포하려고 하였다.
영변 성내 주민에게 조선독립선언서를 인쇄 배부하여 치안을 방해 한 자이다.
태극기, 독립선언서, 독립가를 제작하고 인쇄하여 강진시장에서 태극기, 독립선언서, 독립가를 군중에게 뿌렸고 각자 태극기를 흔들며 군중을 선동하여 조선독립만세를 외쳤다.
노휴제당에서 공자묘의 제삿날에 모인 사람들에게 조선독립선언서를 배포하며 조선독립만세를 부를 것을 권유, 선동하였다.
독립을 목적으로 독립선언서를 배포하고 태극기를 앞세우고 대한독립만세를 외치며 행진을 하였다.
조선독립선언서 100매를 받아 귀향하여 군내에 배포하며 독립만세운동을 선동하다.
1919년 3월 8일 조선독립선언서를 인쇄하여 배부하고 동년 3월 12일 은율군 장연면에서 다중과 조선독립만세를 불러 치안을 방해 한 자이다.
독립선언서를 교부하며 독립시위운동을 할 것을 선동, 권유하였다.
경성에서 온 김상열의 위탁으로 조선독립선언서 500매를 100매는 김성진, 100매는 유한기에게 교부하고 나머지는 불태운 자이다.
고현리 시장에서 조선독립회라고 쓴 깃발, 태극기를 앞세우고 독립선언서를 배포하며 군중과 함께 조선독립만세를 외치며 행진하였다.
지경리 천도교 교당에서 독립선언서를 배포하였다.
손병희 등의 독립선언서를 보고 조선독립만세를 부창하였다.
3.1독립선언서를 인쇄, 배포하고 독립시위운동을 할것을 선동, 권유하였다.
조선독립을  위해 1919년 3월 10일 함남 이원군 에서 독립선언서를 인쇄산포하며 군민일단과 공권단심으로 조선독립만세를 부른 자이다.
김태경으로부터 조선독립선언서를 교부받아 독립만세시위운동을 선동하며 배포하였다.
1919년 3월 2일  피고는 조선독립선언서 400매를 자택으로 가져온 자이다.
김원준 편에 조선독립선언서를 접수한 후 선언식을 거행하려고 교인에게 통지하였다.
독립선언서를 교부 받아 인쇄하였다.
김인경에게 독립선언서를 수령하여 이를 최상달에게 교부하였다.
동변리 교회당에 모여 독립선언서를 숙독하고 찬동하여 600매를 각소에 산포하다.
1919년 3월 8일 조선독립선언서를 인쇄하여 배부하고 동년 3월 12일 은율군 장연면에서 다중과 조선독립만세를 불러 치안을 방해 한 자이다. 
조선독립선언서가 발표되자 조선인으로써 조선독립만세를 기쁘게 부른 자이다.
조선독립선언서를 낭독하였다.
독립선언서의 낭독이 끝난 후 군중과 함께 독립만세를 외치며 조선독립시위운동을 하였다.
조선독립선언서를 인쇄배부하며 봉산군 초와면 은파시장에서 조선독립만세를 선동 호창하여 치안을 방해한 자이다.
조극환과 함께 조선독립 시위운동 계획을 모의하여 박규상 등에게  독립운동을 할 것을 선동, 권유하였고 김상학 등에게 학생등교 시각 전에 독립운동을 결행하라는 말을 전하자 함께 인쇄한 독립선언서, 독립신문, 독립가를 조극환에게 교부하였고 독립선언서를 낭독하였다.
조선독립만세를 고창하고 독립선언서를 배부하고 선동하였다.
손병희 등이 조선독립선언서를 발표하여 독립시위운동을 하는 것을 알고 함북 북청군 노상에서 독립선언서를 배포하였다."
29,배부,100,38,27,"군중과 함께 조선독립만세를 주창하고 조선이 독립되어야 하는 이유 13건을 인쇄, 배부한 자이다.
안주군 내에서 조선독립선언서 10장을 배부하였다.
영변 성내 주민에게 조선독립선언서를 인쇄 배부하여 치안을 방해 한 자이다.
독립선언시위운동을 알리고, 유천 장날 시장에서 학생, 청년 등과 같이 독립만세를 고창하기위하여 태극기 24본을 만들어 배부하였다.
조선독립운동을 거행할 것을 공모하여 태극기를 만들어 시장으로 운반하여 군중에게 배부한 후 군중과 함께 조선독립의 목적으로 독립만세를 불렀다.
3월 5일 덕천군 읍내에서 주민 3, 40명과 선언서 100여 장을 배부하고 100여명을 모아 조선독립만세를 불러 치안을 방해 한 자이다.
독립선언서 20여매를 읍내 노상에서 행인에 배부하면서 조선독립만세를 절규하였다.
대한독립만세, 신대한독립만세를 적은 태극기를 제작하여 장사동 시장에서 배부하고 깃발을 흔들며 군중에게 대한 독립만세를 외쳤다.
조선의 독립을 위하여 규합, 독립선언서를 비밀리에 제작, 인쇄  하여 이를 조선전체에 배부하여 민중을 선동 하고, 미국 대통령 윌슨에게 조선독립 청원서를 송부 하는 일 등을 모의 실행하였으며, 선언서를 비밀리에 작성 배부 하고 선언식을 거행 민중을 선동 독립 만세를 고창하였다.
1919년 3월 8일 조선독립선언서를 인쇄하여 배부하고 동년 3월 12일 은율군 장연면에서 다중과 조선독립만세를 불러 치안을 방해 한 자이다.
1919년 3월 6일 선언서 200매를 등사하고 3월 11일 이를 배부하며 천산읍내에서 조선독립만세를 부른 자이다.
경성에서 구입한 태극기와 독립선언서를 배부하며 횡성 장날에 삼백여 군중과 만세를 하였다.
기독교들로 독립만세를 부르기로 회합 모의하고 덕성리 장날 시위운동을 할 태극기를 제작하여 배부하고 독립만세를 고창하였다.
독립선언문을 인쇄하여 한국인의 가가호호에 배부하였다.
조선독립에 관한 선언서를 2군에 배부하였다. 
제천장날 군중을 선동, 태극기를 배부하고 조선독립만세를 부르며 시위운동을 하려고 태극기 약 1200개를 만들었다.
조선의 독립을 기도하여 태극기를 제작 배부하고 조선독립만세를 불러 치안을 방해 한 자이다.
청년동맹회에 가입하여 집행위원으로 조선독립을 선동하는 선전문을 발행하여 상해와 그 외의 중국 각지의 조선인 유학생, 그 외의 동지에게 배부하였다. '독립정신사', '한인 학우회'를 조직하여 상해에 있는 조선인 유학생 중에서 회원을 모집하여 '독립정신'이란잡지를 발행하여 배부하고, 연설회를 열어 조선독립운동을 선동하였다.  
조선독립을 위하여 불온문서를 인쇄배부하고 조선독립만세를 부르며 이를 선동한 자이다.
조선독립만세를 부르자는 통고문을 각구장에게 배부하였다.
1919년 3월 8일 조선독립선언서를 인쇄하여 배부하고 동년 3월 12일 은율군 장연면에서 다중과 조선독립만세를 불러 치안을 방해 한 자이다. 
경주읍 장날에 많은 사람을 규합하여 태극기를 흔들며 대한독립만세 시위운동을 하기로 박문홍한테서 태극기를 받아 배부하고, 군중과 함께 대한독립만세를 고창하였다.
1919년 2월 28일 김영락으로부터 독립선언서 약 20부를 수취하여 이를 인근에 배부하고 동년 3월 7일 철산읍내에서 조선독립만세를 불러 치안을 방해 한 자이다.
혈성단원으로 독립운동 내용물을 배부하고, 군중을 선동하여 독립만세를 고창하였다.
조선독립선언서를 인쇄배부하며 봉산군 초와면 은파시장에서 조선독립만세를 선동 호창하여 치안을 방해한 자이다.
조선독립만세를 고창하고 독립선언서를 배부하고 선동하였다.
경성부내에서 조선독립만세시위 운동을 하였고, '반도의 목탁'이라고 칭하는 문서를 주민에게 약 50장을 배부하였다."
